timestamp,temperature,humidity
2026-05-1207:31:19,22.3,28.4
2026-05-1207:32:00,22.3,29.7
2026-05-1207:32:42,22.3,29.1
2026-05-1207:33:24,22.3,28.1
2026-05-1207:34:05,22.2,27.3
2026-05-1207:34:47,22.2,27.4
2026-05-1207:35:28,22.1,27.4
2026-05-1207:36:12,22.1,27.6
2026-05-1207:36:36,22.1,27.9
2026-05-1207:36:42,22.1,28.3
2026-05-1207:36:47,22.1,28.4
2026-05-1207:36:53,22.1,28.4
2026-05-1207:36:58,22.1,28.5
2026-05-1207:37:04,22.1,28.6
2026-05-1207:37:09,22.1,28.6
2026-05-1207:37:15,22.1,28.7
2026-05-1207:37:21,22.1,28.8
2026-05-1207:37:26,22.1,28.8
2026-05-1207:37:32,22.1,28.8
2026-05-1207:37:37,22.1,28.7
2026-05-1207:37:43,22.1,28.8
2026-05-1207:42:14,22.1,28.8
2026-05-1207:42:19,22.2,29.4
2026-05-1207:42:25,22.2,29.4
2026-05-1207:42:31,22.2,29.4
2026-05-1207:42:36,22.2,29.3
2026-05-1207:42:42,22.2,29.1
2026-05-1207:42:47,22.2,28.8
2026-05-1207:42:53,22.2,28.7
2026-05-1207:42:58,22.2,28.6
2026-05-1207:43:04,22.1,28.7
2026-05-1207:43:10,22.1,28.7
2026-05-1207:43:15,22.1,28.7
2026-05-1207:43:21,22.2,28.7
2026-05-1207:43:26,22.2,28.7
2026-05-1207:43:32,22.1,28.8
2026-05-1207:43:38,22.1,28.8
2026-05-1207:43:43,22.1,28.9
2026-05-1207:43:49,22.1,28.9
2026-05-1207:43:54,22.1,29.0
2026-05-1207:44:00,22.1,29.0
2026-05-1207:44:06,22.1,29.1
2026-05-1207:44:11,22.1,29.2
2026-05-1207:44:57,22.1,29.5
2026-05-1207:45:02,22.1,29.5
2026-05-1207:45:08,22.1,29.6
2026-05-1207:45:14,22.1,29.5
2026-05-1207:45:19,22.1,29.4
2026-05-1207:45:25,22.1,29.4
2026-05-1207:45:30,22.1,29.2
2026-05-1207:45:36,22.1,29.1
2026-05-1207:45:41,22.1,29.0
2026-05-1207:45:47,22.1,29.0
2026-05-1207:45:53,22.1,28.9
2026-05-1207:45:58,22.1,28.7
2026-05-1207:46:04,22.1,28.5
2026-05-1209:00:38,22.1,28.8
2026-05-1209:00:43,22.5,27.3
2026-05-1209:00:48,22.5,27.4
2026-05-1209:00:54,22.5,27.4
2026-05-1209:01:00,22.4,27.5
2026-05-1209:01:05,22.4,27.4
2026-05-1209:01:11,22.4,27.5
2026-05-1209:01:16,22.4,27.5
2026-05-1209:01:22,22.5,27.5
2026-05-1209:01:27,22.5,27.5
2026-05-1209:01:33,22.4,27.5
2026-05-1209:01:39,22.4,27.6
2026-05-1209:01:44,22.4,27.6
2026-05-1209:01:50,22.4,27.5
2026-05-1209:01:55,22.4,27.6
2026-05-1209:02:01,22.4,27.6
2026-05-1209:02:07,22.4,27.6
2026-05-1209:02:12,22.4,27.7
2026-05-1209:02:18,22.4,27.7
2026-05-1209:02:23,22.4,27.6
2026-05-1209:02:29,22.4,27.4
2026-05-1209:02:35,22.5,27.2
2026-05-1209:02:40,22.4,27.1
2026-05-1209:02:46,22.4,27.0
2026-05-1209:02:51,22.4,27.0
2026-05-1209:02:57,22.4,27.0
2026-05-1209:03:03,22.4,27.0
2026-05-1209:03:08,22.4,27.2
2026-05-1209:03:14,22.4,27.1
2026-05-1209:03:20,22.4,27.1
2026-05-1209:03:25,22.4,27.2
2026-05-1209:03:30,22.4,27.2
2026-05-1209:03:36,22.4,27.3
2026-05-1209:03:42,22.4,27.3
2026-05-1209:03:47,22.4,27.3
2026-05-1209:03:53,22.4,27.4
2026-05-1209:03:59,22.4,27.4
2026-05-1209:04:04,22.4,27.4
2026-05-1209:04:10,22.4,27.4
2026-05-1209:04:15,22.4,27.5
2026-05-1209:04:21,22.5,27.5
2026-05-1209:04:26,22.4,27.4
2026-05-1209:04:32,22.4,27.4
2026-05-1209:04:38,22.4,27.3
2026-05-1209:04:43,22.4,27.3
2026-05-1209:04:49,22.5,27.4
2026-05-1209:04:54,22.5,27.3
2026-05-1209:05:00,22.4,27.4
2026-05-1209:05:06,22.4,27.4
2026-05-1209:05:11,22.5,27.4
2026-05-1209:05:17,22.4,27.3
2026-05-1209:05:22,22.5,27.1
2026-05-1209:05:28,22.4,27.1
2026-05-1209:05:34,22.5,27.0
2026-05-1209:05:39,22.5,27.0
2026-05-1209:06:55,22.5,26.9
2026-05-1209:07:00,22.5,26.8
2026-05-1209:07:06,22.5,26.9
2026-05-1209:07:12,22.5,26.9
2026-05-1209:07:17,22.5,26.9
2026-05-1209:07:23,22.5,26.8
2026-05-1209:07:29,22.5,26.6
2026-05-1209:07:34,22.5,26.6
2026-05-1209:07:40,22.5,26.6
2026-05-1209:07:45,22.5,26.5
2026-05-1209:07:51,22.5,26.5
2026-05-1209:07:56,22.5,26.5
2026-05-1209:08:02,22.5,26.5
2026-05-1209:08:08,22.5,26.4
2026-05-1209:08:13,22.5,26.3
2026-05-1209:08:19,22.5,26.2
2026-05-1209:08:24,22.5,26.2
2026-05-1209:08:30,22.5,26.2
2026-05-1209:08:36,22.5,26.2
2026-05-1209:08:41,22.5,26.2
2026-05-1209:08:47,22.5,26.1
2026-05-1209:08:53,22.5,26.1
2026-05-1209:08:58,22.5,26.1
2026-05-1209:09:04,22.5,26.1
2026-05-1209:09:09,22.5,26.1
2026-05-1209:09:15,22.5,26.1
2026-05-1209:09:21,22.5,26.1
2026-05-1209:09:26,22.5,26.2
2026-05-1209:09:32,22.5,26.3
2026-05-1209:09:37,22.5,26.4
2026-05-1209:09:43,22.5,26.4
2026-05-1209:09:49,22.5,26.5
2026-05-1209:09:54,22.5,26.6
2026-05-1209:10:00,22.5,26.7
2026-05-1209:10:05,22.5,26.7
2026-05-1209:10:11,22.5,26.7
2026-05-1209:10:17,22.5,26.7
2026-05-1209:10:22,22.5,26.8
2026-05-1209:10:28,22.5,26.8
2026-05-1209:10:33,22.5,26.8
2026-05-1209:10:39,22.5,26.8
2026-05-1209:10:45,22.5,26.8
2026-05-1209:10:50,22.5,26.8
2026-05-1209:10:56,22.5,26.8
2026-05-1209:11:01,22.5,26.9
2026-05-1209:11:07,22.5,26.9
2026-05-1209:11:13,22.5,26.9
2026-05-1209:11:18,22.6,27.0
2026-05-1209:11:24,22.5,27.0
2026-05-1209:11:29,22.6,27.0
2026-05-1209:11:35,22.6,27.1
2026-05-1209:11:41,22.6,27.1
2026-05-1209:11:46,22.6,27.1
2026-05-1209:11:52,22.6,27.2
2026-05-1209:11:57,22.6,27.2
2026-05-1209:12:03,22.6,27.2
2026-05-1209:12:09,22.6,27.2
2026-05-1209:12:15,22.6,27.3
2026-05-1209:12:20,22.6,27.3
2026-05-1209:12:25,22.6,27.4
2026-05-1209:12:31,22.6,27.4
2026-05-1209:12:37,22.6,27.4
2026-05-1209:12:42,22.6,27.4
2026-05-1209:12:48,22.6,27.5
2026-05-1209:12:53,22.6,27.4
2026-05-1209:12:59,22.6,27.5
2026-05-1209:13:05,22.6,27.5
2026-05-1209:13:10,22.6,27.5
2026-05-1209:13:16,22.6,27.5
2026-05-1209:13:21,22.6,27.6
2026-05-1209:13:27,22.6,27.6
2026-05-1209:13:33,22.6,27.5
2026-05-1209:13:38,22.6,27.6
2026-05-1209:13:44,22.6,27.6
2026-05-1209:13:50,22.6,27.6
2026-05-1209:13:55,22.6,27.6
2026-05-1209:14:01,22.6,27.6
2026-05-1209:14:06,22.6,27.6
2026-05-1209:14:12,22.6,27.6
2026-05-1209:14:18,22.6,27.6
2026-05-1209:14:23,22.6,27.6
2026-05-1209:14:29,22.6,27.7
2026-05-1209:14:35,22.6,27.6
2026-05-1209:14:40,22.6,27.6
2026-05-1209:14:46,22.6,27.5
2026-05-1209:14:51,22.7,27.5
2026-05-1209:14:57,22.7,27.3
2026-05-1209:15:02,22.7,27.3
2026-05-1209:15:08,22.7,27.3
2026-05-1209:15:14,22.7,27.3
2026-05-1209:15:19,22.7,27.3
2026-05-1209:15:25,22.7,27.4
2026-05-1209:15:31,22.7,27.4
2026-05-1209:15:36,22.7,27.4
2026-05-1209:15:42,22.7,27.4
2026-05-1209:15:47,22.7,27.5
2026-05-1209:15:53,22.7,27.4
2026-05-1209:15:58,22.7,27.5
2026-05-1209:16:04,22.7,27.5
2026-05-1209:16:10,22.7,27.5
2026-05-1209:16:15,22.7,27.5
2026-05-1209:16:21,22.7,27.5
2026-05-1209:16:27,22.7,27.6
2026-05-1209:16:32,22.7,27.4
2026-05-1209:16:38,22.7,27.3
2026-05-1209:16:43,22.7,27.2
2026-05-1209:16:49,22.7,27.1
2026-05-1210:54:17,22.7,24.0
2026-05-1210:54:22,23.5,23.5
2026-05-1210:54:28,23.5,23.5
2026-05-1210:54:33,23.5,23.5
2026-05-1210:54:39,23.5,23.6
2026-05-1210:54:45,23.5,23.6
2026-05-1210:54:50,23.5,23.7
2026-05-1210:54:56,23.5,23.7
2026-05-1210:55:01,23.5,23.8
2026-05-1212:48:51,23.5,23.9
2026-05-1212:48:57,23.6,26.7
2026-05-1212:49:03,23.6,26.6
2026-05-1212:49:10,23.6,26.6
2026-05-1212:49:17,23.6,26.6
2026-05-1212:49:23,23.6,26.7
2026-05-1212:49:30,23.6,26.6
2026-05-1212:49:36,23.6,26.7
2026-05-1212:49:43,23.6,26.7
2026-05-1212:49:49,23.6,26.7
2026-05-1212:49:56,23.6,26.8
2026-05-1212:50:03,23.6,26.8
2026-05-1212:50:09,23.6,26.8
2026-05-1212:50:16,23.6,26.9
2026-05-1212:50:23,23.6,27.0
2026-05-1212:50:29,23.6,26.9
2026-05-1212:50:36,23.6,26.6
2026-05-1212:50:42,23.6,26.5
2026-05-1212:50:49,23.6,26.3
2026-05-1212:50:55,23.6,26.2
2026-05-1212:51:02,23.5,26.1
2026-05-1212:56:25,23.2,26.1
2026-05-1212:56:31,23.2,26.1
2026-05-1212:56:38,23.1,26.1
2026-05-1212:56:44,23.2,26.2
2026-05-1212:56:51,23.1,26.2
2026-05-1212:56:57,23.1,26.3
2026-05-1212:57:04,23.1,26.3
2026-05-1212:57:11,23.1,26.4
2026-05-1212:57:17,23.1,26.3
2026-05-1212:57:24,23.1,26.5
2026-05-1213:30:15,23.1,28.8
2026-05-1213:30:21,23.1,28.7
2026-05-1213:30:28,23.2,28.8
2026-05-1213:30:35,23.2,28.7
2026-05-1213:30:41,23.2,28.5
2026-05-1213:30:48,23.2,28.5
2026-05-1213:30:54,23.2,28.5
2026-05-1213:31:01,23.2,28.5
2026-05-1213:31:08,23.2,28.5
2026-05-1213:31:14,23.2,28.4
2026-05-1213:31:21,23.2,28.4
2026-05-1213:31:28,23.2,28.3
2026-05-1213:31:34,23.2,28.3
2026-05-1213:31:41,23.2,28.3
2026-05-1213:31:47,23.2,28.2
2026-05-1213:31:54,23.2,28.1
2026-05-1213:32:00,23.2,28.1
2026-05-1213:32:07,23.2,28.0
2026-05-1213:32:14,23.3,28.0
2026-05-1213:32:20,23.3,27.9
2026-05-1213:32:27,23.3,27.8
2026-05-1213:32:33,23.3,27.9
2026-05-1213:32:40,23.3,27.9
2026-05-1213:32:47,23.3,28.0
2026-05-1213:32:53,23.3,27.9
2026-05-1213:33:00,23.3,27.8
2026-05-1213:33:07,23.3,27.7
2026-05-1213:33:13,23.3,27.5
2026-05-1213:33:20,23.3,27.5
2026-05-1213:33:26,23.3,27.5
2026-05-1213:33:33,23.3,27.4
2026-05-1213:33:40,23.3,27.4
2026-05-1213:33:46,23.3,27.4
2026-05-1213:33:53,23.3,27.2
2026-05-1213:33:59,23.3,27.1
2026-05-1213:34:06,23.3,27.1
2026-05-1213:34:13,23.3,27.1
2026-05-1213:34:19,23.3,27.1
2026-05-1213:34:25,23.3,27.1
2026-05-1213:34:32,23.3,27.3
2026-05-1213:34:39,23.3,27.2
2026-05-1213:34:46,23.3,27.3
2026-05-1213:34:52,23.3,27.3
2026-05-1213:34:59,23.3,27.3
2026-05-1213:35:05,23.3,27.3
2026-05-1213:35:12,23.3,27.2
2026-05-1213:35:19,23.3,27.2
2026-05-1213:35:25,23.3,27.2
2026-05-1213:35:32,23.3,27.2
2026-05-1213:35:38,23.3,27.1
2026-05-1213:35:45,23.3,27.1
2026-05-1213:35:51,23.3,27.0
2026-05-1213:35:58,23.2,26.9
2026-05-1213:36:05,23.2,26.8
2026-05-1213:36:11,23.2,26.8
2026-05-1213:36:18,23.2,26.8
2026-05-1213:36:24,23.2,26.9
2026-05-1213:36:31,23.2,26.9
2026-05-1213:36:38,23.2,26.9
2026-05-1213:36:44,23.2,26.9
2026-05-1213:36:51,23.2,26.8
2026-05-1213:36:58,23.2,26.7
2026-05-1213:37:04,23.2,26.6
2026-05-1213:37:11,23.2,26.5
2026-05-1213:37:17,23.2,26.4
2026-05-1213:37:24,23.2,26.4
2026-05-1213:37:31,23.1,26.3
2026-05-1213:37:37,23.1,26.4
2026-05-1213:37:44,23.2,26.4
2026-05-1213:37:50,23.1,26.4
2026-05-1213:37:57,23.1,26.5
2026-05-1213:38:04,23.1,26.6
2026-05-1213:38:10,23.1,26.6
2026-05-1213:38:17,23.1,26.7
2026-05-1213:38:23,23.1,26.8
2026-05-1213:38:30,23.1,26.8
2026-05-1213:38:37,23.1,26.9
2026-05-1213:38:43,23.1,27.0
2026-05-1213:38:50,23.1,27.0
2026-05-1213:38:56,23.1,27.1
2026-05-1213:39:03,23.1,27.1
2026-05-1213:39:09,23.1,27.1
2026-05-1213:39:16,23.1,27.2
2026-05-1213:39:23,23.2,27.2
2026-05-1213:39:29,23.1,27.2
2026-05-1213:39:36,23.1,27.2
2026-05-1213:39:43,23.1,27.2
2026-05-1213:39:49,23.1,27.3
2026-05-1213:39:56,23.2,27.3
2026-05-1213:40:02,23.2,27.3
2026-05-1213:40:09,23.2,27.3
2026-05-1213:40:15,23.1,27.3
2026-05-1213:40:22,23.2,27.3
2026-05-1213:40:29,23.2,27.3
2026-05-1213:40:35,23.2,27.3
2026-05-1213:40:42,23.2,27.3
2026-05-1213:40:49,23.2,27.3
2026-05-1213:40:55,23.2,27.3
2026-05-1213:41:02,23.2,27.3
2026-05-1213:41:08,23.2,27.3
2026-05-1213:41:15,23.2,27.4
2026-05-1213:41:22,23.2,27.3
2026-05-1213:41:28,23.2,27.3
2026-05-1213:41:35,23.2,27.4
2026-05-1213:41:41,23.2,27.3
2026-05-1213:41:48,23.2,27.4
2026-05-1213:41:54,23.2,27.4
2026-05-1213:42:01,23.2,27.2
2026-05-1213:42:08,23.2,27.3
2026-05-1213:42:14,23.2,27.3
2026-05-1213:42:21,23.2,27.3
2026-05-1213:42:27,23.2,27.2
2026-05-1213:42:34,23.2,27.3
2026-05-1213:42:41,23.2,27.2
2026-05-1213:42:47,23.2,27.2
2026-05-1213:42:54,23.2,27.3
2026-05-1213:43:00,23.2,27.2
2026-05-1213:43:07,23.2,27.2
2026-05-1213:43:14,23.2,27.2
2026-05-1213:43:20,23.2,27.2
2026-05-1213:43:27,23.2,27.1
2026-05-1213:43:34,23.2,27.1
2026-05-1213:43:40,23.2,27.1
2026-05-1213:43:47,23.2,27.1
2026-05-1213:43:53,23.2,27.1
2026-05-1213:44:00,23.2,27.1
2026-05-1213:44:06,23.2,27.1
2026-05-1213:44:13,23.3,27.1
2026-05-1213:44:20,23.3,27.1
2026-05-1213:44:26,23.3,27.1
2026-05-1213:44:33,23.3,27.1
2026-05-1213:44:40,23.3,27.2
2026-05-1213:44:46,23.3,27.2
2026-05-1213:44:53,23.3,27.2
2026-05-1213:44:59,23.3,27.2
2026-05-1213:45:06,23.3,27.1
2026-05-1213:45:13,23.3,27.1
2026-05-1213:45:19,23.3,27.1
2026-05-1213:45:26,23.3,27.1
2026-05-1213:45:32,23.3,27.1
2026-05-1213:45:39,23.3,27.0
2026-05-1213:45:46,23.3,27.1
2026-05-1213:45:52,23.3,27.1
2026-05-1213:45:59,23.3,27.1
2026-05-1213:46:05,23.3,27.1
2026-05-1213:46:12,23.3,27.1
2026-05-1213:46:19,23.3,27.1
2026-05-1213:46:25,23.3,27.1
2026-05-1213:46:32,23.3,27.2
2026-05-1213:46:38,23.3,27.2
2026-05-1213:46:45,23.3,27.2
2026-05-1213:46:51,23.3,27.2
2026-05-1213:46:58,23.3,27.2
2026-05-1213:47:05,23.3,27.1
2026-05-1213:47:11,23.3,27.2
2026-05-1213:47:18,23.3,27.1
2026-05-1213:47:24,23.3,27.1
2026-05-1213:47:31,23.3,27.1
2026-05-1213:47:38,23.3,27.1
2026-05-1213:47:44,23.3,27.1
2026-05-1213:47:51,23.4,27.1
2026-05-1213:47:57,23.4,27.1
2026-05-1213:48:04,23.4,27.1
2026-05-1213:48:11,23.4,27.1
2026-05-1213:48:17,23.3,27.2
2026-05-1213:48:24,23.4,27.1
2026-05-1213:48:31,23.4,27.0
2026-05-1213:48:37,23.4,27.0
2026-05-1213:48:44,23.4,26.9
2026-05-1213:48:50,23.4,27.0
2026-05-1213:48:57,23.4,26.9
2026-05-1213:49:04,23.4,26.9
2026-05-1213:49:10,23.4,26.9
2026-05-1213:49:17,23.4,27.0
2026-05-1213:49:23,23.4,27.0
2026-05-1213:49:30,23.4,27.0
2026-05-1213:49:37,23.4,26.9
2026-05-1213:49:43,23.4,26.8
2026-05-1213:49:50,23.4,26.9
2026-05-1213:49:56,23.4,26.9
2026-05-1213:50:03,23.4,26.9
2026-05-1213:50:10,23.4,26.9
2026-05-1213:50:16,23.4,26.9
2026-05-1213:50:23,23.4,27.0
2026-05-1213:50:29,23.4,26.9
2026-05-1213:50:36,23.4,26.8
2026-05-1213:50:42,23.4,26.9
2026-05-1213:50:49,23.4,26.9
2026-05-1213:50:56,23.4,26.9
2026-05-1213:51:02,23.4,26.8
2026-05-1213:51:09,23.4,26.6
2026-05-1213:51:15,23.4,26.5
2026-05-1213:51:22,23.4,26.4
2026-05-1213:51:29,23.4,26.3
2026-05-1213:51:35,23.4,26.3
2026-05-1213:51:42,23.4,26.3
2026-05-1213:51:48,23.4,26.4
2026-05-1213:51:55,23.4,26.5
2026-05-1213:52:02,23.4,26.5
2026-05-1213:52:08,23.4,26.6
2026-05-1213:52:15,23.4,26.6
2026-05-1213:52:21,23.4,26.6
2026-05-1213:52:28,23.4,26.6
2026-05-1213:52:35,23.4,26.6
2026-05-1213:52:41,23.4,26.7
2026-05-1213:52:48,23.4,26.8
2026-05-1213:52:55,23.4,26.9
2026-05-1213:53:01,23.4,26.9
2026-05-1213:53:08,23.4,26.9
2026-05-1213:53:14,23.4,27.0
2026-05-1213:53:21,23.4,27.0
2026-05-1213:53:28,23.4,27.0
2026-05-1213:53:34,23.4,27.1
2026-05-1213:53:41,23.4,27.1
2026-05-1213:53:47,23.4,27.0
2026-05-1213:53:54,23.4,27.1
2026-05-1213:54:01,23.4,27.2
2026-05-1213:54:07,23.4,27.2
2026-05-1213:54:14,23.4,27.1
2026-05-1213:54:20,23.4,27.1
2026-05-1213:54:27,23.4,27.1
2026-05-1213:54:33,23.4,27.0
2026-05-1213:54:40,23.4,27.0
2026-05-1213:54:47,23.4,26.9
2026-05-1213:54:53,23.4,27.0
2026-05-1213:55:00,23.5,26.9
2026-05-1213:55:07,23.4,26.9
2026-05-1213:55:13,23.4,26.9
2026-05-1213:55:20,23.4,26.9
2026-05-1213:55:26,23.4,27.0
2026-05-1213:55:33,23.5,27.0
2026-05-1213:55:39,23.4,27.0
2026-05-1214:14:11,23.5,27.1
2026-05-1214:14:18,23.1,27.4
2026-05-1214:14:24,23.2,27.4
2026-05-1214:14:31,23.1,27.4
2026-05-1214:14:38,23.1,27.5
2026-05-1214:14:44,23.1,27.5
2026-05-1214:14:51,23.1,27.5
2026-05-1214:14:57,23.1,27.5
2026-05-1214:15:04,23.1,27.6
2026-05-1214:15:11,23.1,27.5
2026-05-1214:15:17,23.1,27.5
2026-05-1214:15:24,23.1,27.5
2026-05-1214:15:30,23.1,27.6
2026-05-1214:15:37,23.1,27.6
2026-05-1214:15:44,23.1,27.5
2026-05-1214:15:50,23.1,27.6
2026-05-1214:15:57,23.1,27.6
2026-05-1214:16:03,23.1,27.6
2026-05-1214:16:10,23.1,27.6
2026-05-1214:16:17,23.1,27.6
2026-05-1214:16:23,23.1,27.6
2026-05-1214:16:30,23.1,27.6
2026-05-1214:16:36,23.1,27.7
2026-05-1214:16:43,23.1,27.7
2026-05-1214:16:49,23.1,27.6
2026-05-1214:16:56,23.1,27.6
2026-05-1214:17:03,23.1,27.7
2026-05-1214:17:09,23.1,27.7
2026-05-1214:17:16,23.1,27.7
2026-05-1214:17:23,23.1,27.7
2026-05-1214:17:29,23.1,27.8
2026-05-1214:17:36,23.1,27.8
2026-05-1214:17:42,23.1,27.8
2026-05-1214:17:49,23.1,27.8
2026-05-1214:17:55,23.1,27.8
2026-05-1214:18:02,23.1,27.9
2026-05-1214:18:09,23.1,27.9
2026-05-1214:18:15,23.1,27.8
2026-05-1214:18:22,23.1,27.8
2026-05-1214:18:28,23.1,27.8
2026-05-1214:18:35,23.1,27.7
2026-05-1214:18:42,23.1,27.8
2026-05-1214:18:48,23.1,27.8
2026-05-1214:18:55,23.1,27.8
2026-05-1214:19:01,23.1,27.8
2026-05-1214:19:08,23.1,27.8
2026-05-1214:19:14,23.1,27.8
2026-05-1214:19:21,23.1,27.8
2026-05-1214:19:28,23.1,27.8
2026-05-1214:19:34,23.1,27.8
2026-05-1214:19:41,23.1,27.8
2026-05-1214:19:47,23.1,27.8
2026-05-1214:19:54,23.1,27.8
2026-05-1214:20:01,23.1,27.8
2026-05-1214:20:07,23.1,27.8
2026-05-1214:20:14,23.1,27.9
2026-05-1214:20:20,23.1,27.9
2026-05-1214:20:27,23.1,27.8
2026-05-1214:20:34,23.1,27.8
2026-05-1214:20:40,23.1,27.7
2026-05-1214:20:47,23.1,27.7
2026-05-1214:20:53,23.1,27.7
2026-05-1214:21:00,23.1,27.7
2026-05-1214:21:07,23.1,27.6
2026-05-1214:21:13,23.1,27.5
2026-05-1214:21:20,23.1,27.5
2026-05-1214:21:26,23.1,27.5
2026-05-1214:21:33,23.1,27.5
2026-05-1214:21:40,23.1,27.5
2026-05-1214:21:46,23.1,27.5
2026-05-1214:21:53,23.1,27.5
2026-05-1214:22:00,23.1,27.6
2026-05-1214:22:06,23.1,27.6
2026-05-1214:22:13,23.1,27.6
2026-05-1214:22:19,23.0,27.6
2026-05-1214:22:26,23.1,27.7
2026-05-1214:22:32,23.1,27.8
2026-05-1214:22:39,23.1,27.9
2026-05-1214:22:46,23.1,27.9
2026-05-1214:22:52,23.0,28.0
2026-05-1214:22:59,23.1,27.9
2026-05-1214:23:05,23.1,27.9
2026-05-1214:23:12,23.0,27.7
2026-05-1214:23:19,23.0,27.5
2026-05-1214:23:25,23.0,27.5
2026-05-1214:23:32,23.0,27.5
2026-05-1214:23:39,23.0,27.3
2026-05-1214:23:45,23.0,27.3
2026-05-1214:23:52,23.0,27.3
2026-05-1214:23:58,23.0,27.2
2026-05-1214:24:05,23.0,27.1
2026-05-1214:24:11,23.0,27.0
2026-05-1214:24:18,23.0,27.0
2026-05-1214:24:25,23.0,27.0
2026-05-1214:24:31,23.0,26.9
2026-05-1214:24:38,23.0,26.9
2026-05-1214:24:44,23.0,27.0
2026-05-1214:24:51,23.0,27.0
2026-05-1214:24:57,23.0,27.1
2026-05-1214:25:04,23.0,27.1
2026-05-1214:25:11,23.0,27.2
2026-05-1214:25:17,23.0,27.2
2026-05-1214:25:24,23.0,27.2
2026-05-1214:25:30,22.9,27.3
2026-05-1214:25:37,23.0,27.4
2026-05-1214:25:44,23.0,27.4
2026-05-1214:25:50,23.0,27.4
2026-05-1214:25:57,22.9,27.5
2026-05-1214:26:04,23.0,27.5
2026-05-1214:26:10,23.0,27.5
2026-05-1214:26:17,23.0,27.5
2026-05-1214:26:23,23.0,27.5
2026-05-1214:26:30,23.0,27.5
2026-05-1214:26:37,23.0,27.5
2026-05-1214:26:43,23.0,27.5
2026-05-1214:26:50,23.0,27.6
2026-05-1214:26:56,23.0,27.5
2026-05-1214:27:03,23.0,27.4
2026-05-1214:27:10,23.0,27.1
2026-05-1214:27:16,23.0,26.8
2026-05-1214:27:23,22.9,26.6
2026-05-1214:27:29,22.9,26.4
2026-05-1214:27:36,22.9,26.3
2026-05-1214:27:42,22.9,26.3
2026-05-1214:27:49,22.9,26.3
2026-05-1214:27:56,22.9,26.3
2026-05-1214:28:02,22.9,26.4
2026-05-1214:28:09,22.9,26.5
2026-05-1214:28:15,22.9,26.6
2026-05-1214:28:22,22.9,26.7
2026-05-1214:28:29,22.9,26.7
2026-05-1214:28:35,22.9,26.8
2026-05-1214:28:42,22.9,26.8
2026-05-1214:28:49,22.9,26.8
2026-05-1214:28:55,22.9,26.9
2026-05-1214:29:02,22.9,27.0
2026-05-1214:29:08,22.9,27.1
2026-05-1214:29:15,22.9,27.2
2026-05-1214:29:21,22.9,27.2
2026-05-1214:29:28,22.9,27.2
2026-05-1214:29:35,22.9,27.3
2026-05-1214:29:41,22.9,27.4
2026-05-1214:29:48,22.9,27.3
2026-05-1214:29:54,22.9,27.2
2026-05-1214:30:01,22.9,27.3
2026-05-1214:30:08,22.9,27.3
2026-05-1214:30:14,22.9,27.2
2026-05-1214:30:21,22.9,27.2
2026-05-1214:30:27,22.9,27.2
2026-05-1214:30:34,22.8,27.1
2026-05-1214:30:41,22.9,27.2
2026-05-1214:30:47,22.8,27.1
2026-05-1214:30:54,22.8,27.1
2026-05-1214:31:00,22.8,27.2
2026-05-1214:31:07,22.8,27.2
2026-05-1214:31:14,22.8,27.2
2026-05-1214:31:20,22.8,27.3
2026-05-1214:31:27,22.8,27.3
2026-05-1214:31:33,22.8,27.3
2026-05-1214:31:40,22.8,27.3
2026-05-1214:31:47,22.7,27.3
2026-05-1214:31:53,22.7,27.3
2026-05-1214:32:00,22.7,27.3
2026-05-1214:32:06,22.7,27.3
2026-05-1214:32:13,22.7,27.3
2026-05-1214:32:20,22.7,27.4
2026-05-1214:32:26,22.7,27.4
2026-05-1214:32:33,22.7,27.4
2026-05-1214:32:39,22.7,27.4
2026-05-1214:32:46,22.7,27.5
2026-05-1214:32:52,22.7,27.4
2026-05-1214:32:59,22.7,27.5
2026-05-1214:33:06,22.7,27.5
2026-05-1214:33:12,22.7,27.6
2026-05-1214:33:19,22.7,27.5
2026-05-1214:33:25,22.7,27.5
2026-05-1214:33:32,22.7,27.6
2026-05-1214:33:39,22.7,27.5
2026-05-1214:33:45,22.7,27.4
2026-05-1214:33:52,22.7,27.4
2026-05-1214:33:59,22.7,27.4
2026-05-1214:34:05,22.7,27.3
2026-05-1214:34:12,22.7,27.2
2026-05-1214:34:18,22.7,27.2
2026-05-1214:34:25,22.6,27.2
2026-05-1214:34:32,22.6,27.1
2026-05-1214:34:38,22.6,27.1
2026-05-1214:34:45,22.6,27.1
2026-05-1214:34:51,22.6,27.1
2026-05-1214:34:58,22.6,27.2
2026-05-1214:35:05,22.6,27.2
2026-05-1214:35:11,22.6,27.3
2026-05-1214:35:18,22.6,27.3
2026-05-1214:35:24,22.6,27.3
2026-05-1214:35:31,22.6,27.4
2026-05-1214:35:38,22.6,27.4
2026-05-1214:35:44,22.5,27.4
2026-05-1214:35:51,22.5,27.4
2026-05-1214:35:57,22.6,27.4
2026-05-1214:36:04,22.6,27.3
2026-05-1214:36:10,22.6,27.3
2026-05-1214:36:17,22.5,27.4
2026-05-1214:36:24,22.6,27.4
2026-05-1214:36:30,22.5,27.4
2026-05-1214:36:37,22.6,27.5
2026-05-1214:36:43,22.6,27.5
2026-05-1214:36:50,22.6,27.5
2026-05-1214:36:57,22.6,27.5
2026-05-1214:37:03,22.6,27.5
2026-05-1214:37:10,22.5,27.5
2026-05-1214:37:16,22.5,27.5
2026-05-1214:37:23,22.6,27.6
2026-05-1214:37:30,22.6,27.6
2026-05-1214:37:36,22.6,27.7
2026-05-1214:37:43,22.6,27.7
2026-05-1214:37:49,22.5,27.6
2026-05-1214:37:56,22.6,27.7
2026-05-1214:38:02,22.6,27.7
2026-05-1214:38:09,22.6,27.7
2026-05-1214:38:16,22.6,27.7
2026-05-1214:38:22,22.5,27.7
2026-05-1214:38:29,22.5,27.7
2026-05-1214:38:36,22.6,27.8
2026-05-1214:38:42,22.6,27.8
2026-05-1214:38:49,22.6,27.8
2026-05-1214:38:55,22.6,27.7
2026-05-1214:39:02,22.6,27.8
2026-05-1214:39:09,22.6,27.9
2026-05-1214:39:15,22.6,27.8
2026-05-1214:39:22,22.6,27.9
2026-05-1214:39:28,22.6,27.9
2026-05-1214:39:35,22.6,27.8
2026-05-1214:39:42,22.6,27.8
2026-05-1214:39:48,22.6,27.8
2026-05-1214:39:55,22.6,27.8
2026-05-1214:40:01,22.6,27.8
2026-05-1214:40:08,22.6,27.8
2026-05-1214:40:14,22.6,27.8
2026-05-1214:40:21,22.6,27.8
2026-05-1214:40:28,22.6,27.8
2026-05-1214:40:34,22.6,27.8
2026-05-1214:40:41,22.6,27.8
2026-05-1214:40:48,22.6,27.8
2026-05-1214:40:54,22.6,27.8
2026-05-1214:41:01,22.6,27.8
2026-05-1214:41:07,22.6,27.8
2026-05-1214:41:14,22.6,27.8
2026-05-1214:41:20,22.6,27.7
2026-05-1214:41:27,22.6,27.8
2026-05-1214:41:34,22.6,27.7
2026-05-1214:41:41,22.6,27.7
2026-05-1214:41:47,22.6,27.7
2026-05-1214:41:53,22.6,27.7
2026-05-1214:42:00,22.6,27.7
2026-05-1214:42:07,22.6,27.7
2026-05-1214:42:13,22.6,27.8
2026-05-1214:42:20,22.6,27.8
2026-05-1214:42:27,22.6,27.8
2026-05-1214:42:33,22.6,27.8
2026-05-1214:42:40,22.6,27.8
2026-05-1214:42:46,22.6,27.7
2026-05-1214:42:53,22.6,27.8
2026-05-1214:42:59,22.6,27.7
2026-05-1214:43:06,22.6,27.7
2026-05-1214:43:13,22.6,27.8
2026-05-1214:43:19,22.6,27.7
2026-05-1214:43:26,22.6,27.8
2026-05-1214:43:32,22.6,27.7
2026-05-1214:43:39,22.6,27.8
2026-05-1214:43:46,22.6,27.7
2026-05-1214:43:52,22.6,27.6
2026-05-1214:43:59,22.6,27.6
2026-05-1214:44:05,22.6,27.6
2026-05-1214:44:12,22.6,27.6
2026-05-1214:44:19,22.6,27.6
2026-05-1214:44:25,22.7,27.6
2026-05-1214:44:32,22.7,27.6
2026-05-1214:44:38,22.7,27.6
2026-05-1214:44:45,22.7,27.6
2026-05-1214:44:52,22.7,27.6
2026-05-1214:44:58,22.7,27.6
2026-05-1214:45:05,22.6,27.7
2026-05-1214:45:11,22.6,27.6
2026-05-1214:45:18,22.7,27.7
2026-05-1214:45:25,22.7,27.7
2026-05-1214:45:31,22.7,27.7
2026-05-1214:45:38,22.7,27.7
2026-05-1214:45:44,22.7,27.7
2026-05-1214:45:51,22.7,27.8
2026-05-1214:45:58,22.7,27.9
2026-05-1214:46:04,22.7,27.8
2026-05-1214:46:11,22.7,27.8
2026-05-1214:46:17,22.7,27.9
2026-05-1214:46:24,22.7,27.9
2026-05-1214:46:31,22.7,27.9
2026-05-1214:46:37,22.7,27.9
2026-05-1214:46:44,22.7,27.8
2026-05-1214:46:50,22.7,27.9
2026-05-1214:46:57,22.7,27.9
2026-05-1214:47:04,22.7,27.9
2026-05-1214:47:10,22.7,27.9
2026-05-1214:47:17,22.7,27.9
2026-05-1214:47:23,22.7,27.8
2026-05-1214:47:30,22.7,27.8
2026-05-1214:47:36,22.7,27.7
2026-05-1214:47:43,22.7,27.7
2026-05-1214:47:50,22.7,27.7
2026-05-1214:47:56,22.7,27.7
2026-05-1214:48:03,22.7,27.7
2026-05-1214:48:10,22.7,27.6
2026-05-1214:48:16,22.7,27.7
2026-05-1214:48:23,22.7,27.7
2026-05-1214:48:29,22.7,27.6
2026-05-1214:48:36,22.8,27.6
2026-05-1214:48:43,22.7,27.6
2026-05-1214:48:49,22.8,27.7
2026-05-1214:48:56,22.7,27.6
2026-05-1214:49:02,22.7,27.6
2026-05-1214:49:09,22.7,27.7
2026-05-1214:49:16,22.7,27.7
2026-05-1214:49:22,22.7,27.7
2026-05-1214:49:29,22.8,27.7
2026-05-1214:49:35,22.8,27.6
2026-05-1214:49:42,22.8,27.7
2026-05-1214:49:48,22.8,27.7
2026-05-1214:49:55,22.8,27.6
2026-05-1214:50:02,22.8,27.7
2026-05-1214:50:08,22.8,27.7
2026-05-1214:50:15,22.8,27.6
2026-05-1214:50:21,22.8,27.6
2026-05-1214:50:28,22.8,27.6
2026-05-1214:50:35,22.8,27.7
2026-05-1214:50:41,22.8,27.7
2026-05-1214:50:48,22.8,27.7
2026-05-1214:50:54,22.8,27.6
2026-05-1214:51:01,22.8,27.5
2026-05-1214:51:08,22.8,27.6
2026-05-1214:51:14,22.8,27.5
2026-05-1214:51:21,22.8,27.4
2026-05-1214:51:27,22.8,27.5
2026-05-1214:51:34,22.8,27.5
2026-05-1214:51:41,22.8,27.4
2026-05-1214:51:47,22.8,27.5
2026-05-1214:51:54,22.8,27.4
2026-05-1214:52:00,22.8,27.3
2026-05-1214:52:07,22.8,27.4
2026-05-1812:55:55,24.7,34.6
2026-05-1812:56:01,24.7,34.5
2026-05-1812:56:06,24.7,34.6
2026-05-1812:56:12,24.7,34.6
2026-05-1812:56:17,24.7,34.5
2026-05-1812:56:23,24.7,34.5
2026-05-1812:56:28,24.7,34.6
2026-05-1812:56:34,24.7,34.6
2026-05-1812:56:40,24.7,34.5
2026-05-1812:56:45,24.7,34.6
2026-05-1812:56:53,24.7,34.6
2026-05-1812:56:59,24.7,34.6
2026-05-1812:57:06,24.7,34.6
2026-05-1812:57:12,24.7,34.6
2026-05-1812:57:19,24.7,34.5
2026-05-1812:57:26,24.7,34.6
2026-05-1812:57:33,24.7,34.6
2026-05-1812:57:39,24.7,34.6
2026-05-1812:57:46,24.7,34.6
2026-05-1812:57:53,24.7,34.6
2026-05-1812:58:00,24.7,34.6
2026-05-1812:58:07,24.7,34.6
2026-05-1812:58:14,24.7,34.6
2026-05-1812:58:21,24.7,34.6
2026-05-1812:58:28,24.7,34.6
2026-05-1812:58:35,24.7,34.6
2026-05-1812:58:42,24.7,34.7
2026-05-1812:58:48,24.7,34.7
2026-05-1812:58:55,24.7,34.7
2026-05-1812:59:02,24.7,34.7
2026-05-1812:59:09,24.7,34.7
2026-05-1812:59:16,24.7,34.7
2026-05-1812:59:24,24.7,34.6
2026-05-1812:59:30,24.7,34.7
2026-05-1812:59:37,24.7,34.7
2026-05-1812:59:44,24.7,34.7
2026-05-1812:59:51,24.7,34.7
2026-05-1812:59:58,24.7,34.7
2026-05-1813:00:05,24.7,34.7
2026-05-1813:00:12,24.7,34.7
2026-05-1813:00:19,24.7,34.8
2026-05-1813:00:26,24.7,34.8
2026-05-1813:00:33,24.7,34.7
2026-05-1813:00:40,24.7,34.7
2026-05-1813:00:47,24.7,34.7
2026-05-1813:00:54,24.7,34.8
2026-05-1813:01:01,24.7,34.8
2026-05-1813:01:08,24.7,34.8
2026-05-1813:01:15,24.7,34.8
2026-05-1813:01:22,24.7,34.8
2026-05-1813:01:29,24.7,34.8
2026-05-1813:01:36,24.7,34.8
2026-05-1813:01:43,24.7,34.8
2026-05-1813:01:53,24.7,34.8
2026-05-1813:02:00,24.7,34.8
2026-05-1813:02:07,24.7,34.8
2026-05-1813:02:14,24.7,34.8
2026-05-1813:02:21,24.7,34.8
2026-05-1813:02:28,24.7,34.8
2026-05-1813:02:35,24.7,34.8
2026-05-1813:02:42,24.7,34.7
2026-05-1813:02:50,24.7,34.7
2026-05-1813:02:57,24.7,34.7
2026-05-1813:03:04,24.7,34.7
2026-05-1813:03:11,24.7,34.7
2026-05-1813:03:18,24.7,34.7
2026-05-1813:03:25,24.7,34.6
2026-05-1813:03:32,24.7,34.7
2026-05-1813:03:39,24.7,34.6
2026-05-1813:03:46,24.7,34.7
2026-05-1813:03:53,24.7,34.6
2026-05-1813:04:01,24.7,34.7
2026-05-1813:04:08,24.7,34.7
2026-05-1813:04:15,24.7,34.6
2026-05-1813:04:22,24.7,34.6
2026-05-1813:04:29,24.7,34.7
2026-05-1813:04:36,24.7,34.6
2026-05-1813:04:43,24.7,34.6
2026-05-1813:04:50,24.7,34.6
2026-05-1813:04:57,24.7,34.6
2026-05-1813:05:04,24.7,34.6
2026-05-1813:05:11,24.7,34.6
2026-05-1813:05:18,24.7,34.6
2026-05-1813:05:26,24.7,34.6
2026-05-1813:05:33,24.7,34.6
2026-05-1813:05:40,24.7,34.6
2026-05-1813:05:47,24.7,34.6
2026-05-1813:05:54,24.7,34.7
2026-05-1813:06:01,24.7,34.6
2026-05-1813:06:08,24.7,34.6
2026-05-1813:06:15,24.7,34.6
2026-05-1813:06:22,24.7,34.6
2026-05-1813:06:30,24.8,34.7
2026-05-1813:06:37,24.7,34.7
2026-05-1813:06:44,24.7,34.7
2026-05-1813:06:51,24.8,34.7
2026-05-1813:06:58,24.7,34.7
2026-05-1813:07:05,24.7,34.8
2026-05-1813:07:12,24.7,34.7
2026-05-1813:07:19,24.8,34.8
2026-05-1813:07:26,24.7,34.7
2026-05-1813:07:33,24.7,34.7
2026-05-1813:07:41,24.8,34.7
2026-05-1813:07:48,24.7,34.8
2026-05-1813:07:55,24.8,34.8
2026-05-1813:08:02,24.8,34.7
2026-05-1813:08:09,24.8,34.8
2026-05-1813:08:16,24.8,34.7
2026-05-1813:08:31,24.8,34.7
2026-05-1813:09:32,24.8,34.7
2026-05-1813:10:33,24.8,34.6
2026-05-1813:11:33,24.8,34.6
2026-05-1813:12:34,24.8,34.5
2026-05-1813:12:58,24.8,34.5
2026-05-1813:13:57,24.8,34.4
2026-05-1813:14:32,24.8,34.3
2026-05-1813:15:33,24.8,34.2
2026-05-1813:16:47,24.8,34.1
2026-05-1813:17:48,24.8,33.6
2026-05-1813:18:49,24.8,33.8
2026-05-1813:19:49,24.7,33.8
2026-05-1813:20:50,24.7,33.7
2026-05-1813:21:50,24.7,33.8
2026-05-1813:23:23,24.8,33.7
2026-05-1813:24:10,24.7,33.5
2026-05-1813:25:11,24.7,33.6
2026-05-1813:26:12,24.7,33.6
2026-05-1813:27:13,24.7,33.6
2026-05-1813:28:13,24.7,33.5
2026-05-1813:29:13,24.7,33.3
2026-05-1813:30:14,24.7,33.0
2026-05-1813:31:15,24.6,32.8
2026-05-1813:32:15,24.5,33.2
2026-05-1813:33:16,24.5,33.5
2026-05-1813:34:17,24.5,33.9
2026-05-1813:35:19,24.4,34.2
2026-05-1813:36:18,24.4,34.0
2026-05-1813:37:18,24.4,33.9
2026-05-1813:38:19,24.4,33.4
2026-05-1813:39:20,24.4,33.5
2026-05-1813:40:20,24.4,33.3
2026-05-1813:41:21,24.4,33.6
2026-05-1813:42:21,24.4,33.1
2026-05-1813:43:22,24.3,33.5
2026-05-1813:44:23,24.3,33.5
2026-05-1813:45:23,24.3,33.5
2026-05-1813:46:24,24.3,33.5
2026-05-1813:51:09,24.2,34.2
2026-05-1813:52:09,24.3,33.6
2026-05-1813:52:38,24.3,33.3
2026-05-1813:53:38,24.3,33.4
2026-05-1813:54:39,24.3,33.4
2026-05-1813:55:39,24.4,33.4
2026-05-1813:56:40,24.3,33.3
2026-05-1813:57:40,24.3,33.2
2026-05-1813:58:41,24.3,33.4
2026-05-1813:59:41,24.3,33.3
2026-05-1814:00:42,24.4,33.3
2026-05-1814:01:43,24.3,33.5
2026-05-1814:02:43,24.3,33.6
2026-05-1814:03:44,24.3,33.7
2026-05-1814:04:45,24.3,33.8
2026-05-1814:05:45,24.3,33.8
2026-05-1814:08:54,24.3,33.9
2026-05-1814:09:54,24.4,34.1
2026-05-1814:10:55,24.4,34.2
2026-05-1814:11:55,24.4,34.2
2026-05-1814:12:56,24.4,34.2
2026-05-1814:13:57,24.5,34.3
2026-05-1814:14:57,24.5,34.4
2026-05-1814:15:58,24.5,34.5
2026-05-1814:16:37,24.5,34.4
2026-05-1814:17:37,24.5,34.5
2026-05-1814:18:38,24.5,34.5
2026-05-1814:19:39,24.5,34.5
2026-05-1814:20:39,24.5,34.5
2026-05-1814:21:40,24.5,34.4
2026-05-1814:22:41,24.5,34.3
2026-05-1814:23:41,24.5,34.2
2026-05-1814:24:42,24.5,34.3
2026-05-1814:25:42,24.5,34.2
2026-05-1814:26:43,24.5,34.2
2026-05-1814:27:43,24.5,34.1
2026-05-1814:28:44,24.5,34.1
2026-05-1814:29:45,24.5,34.2
2026-05-1814:30:45,24.5,34.2
2026-05-1814:31:46,24.5,34.2
2026-05-1814:32:47,24.5,33.9
2026-05-1814:33:47,24.5,33.8
2026-05-1814:34:48,24.5,33.8
2026-05-1814:36:58,24.4,33.8
2026-06-0108:25:49,26.0,48.9
2026-06-0108:26:00,26.2,47.9
2026-06-0108:26:10,26.2,47.7
2026-06-0108:26:21,26.1,47.6
2026-06-0108:26:32,26.2,47.5
2026-06-0108:26:42,26.2,47.6
2026-06-0108:26:53,26.2,47.6
2026-06-0108:27:03,26.2,47.4
2026-06-0108:27:14,26.2,47.3
2026-06-0108:27:25,26.2,47.2
2026-06-0108:27:35,26.2,47.4
2026-06-0108:27:46,26.2,47.5
2026-06-0108:27:56,26.2,47.5
2026-06-0108:28:07,26.2,47.6
2026-06-0108:28:18,26.3,47.6
2026-06-0108:28:28,26.3,47.6
2026-06-0108:28:39,26.3,47.8
2026-06-0108:28:49,26.3,47.8
2026-06-0108:29:00,26.3,47.8
2026-06-0108:29:11,26.3,47.8
2026-06-0108:29:21,26.3,47.8
2026-06-0108:29:32,26.3,47.8
2026-06-0108:29:43,26.3,47.8
2026-06-0108:29:53,26.3,47.9
2026-06-0108:30:04,26.3,47.8
2026-06-0108:30:14,26.3,47.9
2026-06-0108:30:25,26.3,47.9
2026-06-0108:30:36,26.3,47.9
2026-06-0108:30:46,26.3,47.9
2026-06-0108:30:57,26.4,47.9
2026-06-0108:31:07,26.4,47.9
2026-06-0108:31:18,26.4,47.9
2026-06-0108:31:29,26.4,47.8
2026-06-0108:31:39,26.4,47.9
2026-06-0108:31:50,26.4,47.8
2026-06-0108:32:00,26.4,47.8
2026-06-0108:32:11,26.4,47.7
2026-06-0108:32:22,26.4,47.7
2026-06-0108:32:32,26.4,47.7
2026-06-0108:32:43,26.5,47.7
2026-06-0108:32:53,26.4,47.6
2026-06-0108:33:04,26.4,47.7
2026-06-0108:33:15,26.4,47.6
2026-06-0108:33:25,26.5,47.6
2026-06-0108:33:36,26.4,47.6
2026-06-0108:33:46,26.5,47.6
2026-06-0108:33:57,26.5,47.5
2026-06-0108:34:08,26.5,47.5
2026-06-0108:34:18,26.5,47.4
2026-06-0108:34:29,26.5,47.4
2026-06-0108:34:40,26.5,47.4
2026-06-0108:34:50,26.5,47.4
2026-06-0108:35:01,26.5,47.3
2026-06-0108:35:11,26.5,47.3
2026-06-0108:35:22,26.5,47.4
2026-06-0108:35:32,26.5,47.3
2026-06-0108:35:43,26.5,47.4
2026-06-0108:35:54,26.5,47.3
2026-06-0108:36:04,26.5,47.3
2026-06-0108:36:15,26.5,47.2
2026-06-0108:36:26,26.5,47.1
2026-06-0108:36:36,26.5,47.1
2026-06-0108:36:47,26.6,47.1
2026-06-0108:36:57,26.6,47.1
2026-06-0108:37:08,26.6,47.2
2026-06-0108:37:18,26.6,47.0
2026-06-0108:37:29,26.6,47.0
2026-06-0108:37:40,26.6,47.0
2026-06-0108:37:50,26.6,47.0
2026-06-0108:38:01,26.6,47.1
2026-06-0108:38:12,26.6,47.2
2026-06-0108:38:22,26.6,47.4
2026-06-0108:38:33,26.6,47.3
2026-06-0108:38:43,26.6,47.2
2026-06-0108:38:54,26.6,47.3
2026-06-0108:39:04,26.6,47.2
2026-06-0108:39:15,26.6,47.3
2026-06-0108:39:26,26.6,47.2
2026-06-0108:39:36,26.6,47.0
2026-06-0108:39:47,26.6,46.5
2026-06-0108:39:58,26.6,46.3
2026-06-0108:40:08,26.6,46.0
2026-06-0108:40:19,26.6,45.9
2026-06-0108:40:29,26.7,45.9
2026-06-0108:40:40,26.6,45.8
2026-06-0108:40:51,26.7,45.9
2026-06-0108:41:01,26.6,45.9
2026-06-0108:41:12,26.7,46.0
2026-06-0108:41:22,26.6,46.0
2026-06-0108:41:33,26.7,46.1
2026-06-0108:41:44,26.7,46.2
2026-06-0108:41:54,26.7,46.2
2026-06-0108:42:05,26.7,46.0
2026-06-0108:42:15,26.7,45.9
2026-06-0108:42:26,26.7,45.8
2026-06-0108:42:37,26.7,45.7
2026-06-0108:42:47,26.7,45.7
2026-06-0108:42:58,26.7,45.7
2026-06-0108:43:08,26.7,45.8
2026-06-0108:43:19,26.7,45.
2026-06-0108:43:30,26.7,45.5
2026-06-0108:43:40,26.7,45.4
2026-06-0108:44:14,26.7,45.5
2026-06-0108:44:25,26.7,45.7
2026-06-0108:44:35,26.7,45.8
2026-06-0108:44:46,26.7,45.9
2026-06-0108:44:56,26.7,46.0
2026-06-0108:45:07,26.7,46.0
2026-06-0108:45:18,26.7,46.0
2026-06-0108:45:28,26.7,46.1
2026-06-0108:45:39,26.7,46.1
2026-06-0108:45:49,26.7,46.2
2026-06-0108:46:00,26.7,46.2
2026-06-0108:46:11,26.7,46.1
2026-06-0108:46:21,26.7,46.1
2026-06-0108:46:32,26.7,46.2
2026-06-0108:46:42,26.7,46.2
2026-06-0108:46:53,26.8,46.2
2026-06-0108:47:04,26.7,46.3
2026-06-0108:47:14,26.7,46.3
2026-06-0108:47:25,26.8,46.2
2026-06-0108:47:36,26.7,45.9
2026-06-0108:47:46,26.7,45.9
2026-06-0108:47:57,26.8,45.9
2026-06-0108:48:07,26.7,46.0
2026-06-0108:48:18,26.8,46.0
2026-06-0108:48:29,26.8,46.1
2026-06-0108:48:39,26.8,46.0
2026-06-0108:48:50,26.8,46.0
2026-06-0108:49:00,26.8,45.9
2026-06-0108:49:11,26.8,45.9
2026-06-0108:49:22,26.8,45.9
2026-06-0108:49:32,26.8,45.9
2026-06-0108:49:43,26.8,46.0
2026-06-0108:49:53,26.8,46.0
2026-06-0108:50:04,26.8,45.9
2026-06-0108:50:15,26.8,46.0
2026-06-0108:50:25,26.8,45.9
2026-06-0108:50:36,26.8,45.8
2026-06-0108:50:46,26.8,45.9
2026-06-0108:55:04,26.9,45.9
2026-06-0108:55:14,26.9,45.9
2026-06-0108:55:24,26.9,45.9
2026-06-0108:55:35,26.9,45.9
2026-06-0108:55:45,26.9,46.0
2026-06-0108:55:55,27.0,45.9
2026-06-0108:56:05,26.9,45.8
2026-06-0109:08:33,26.9,44.9
2026-06-0109:08:43,30.1,37.8
2026-06-0109:08:54,30.1,37.8
2026-06-0109:09:04,30.2,37.7
2026-06-0109:09:15,30.3,37.6
2026-06-0109:09:26,30.3,38.0
2026-06-0109:09:36,30.3,37.8
2026-06-0109:09:47,30.4,38.0
2026-06-0109:09:57,30.4,38.1
2026-06-0109:10:08,30.5,37.6
2026-06-0109:10:19,30.5,37.2
2026-06-0109:10:29,30.5,37.0
2026-06-0109:10:40,30.6,36.9
2026-06-0109:10:50,30.6,36.8
2026-06-0109:11:01,30.6,36.9
2026-06-0109:11:12,30.7,37.1
2026-06-0109:11:22,30.7,37.0
2026-06-0109:11:33,30.7,37.0
2026-06-0109:11:43,30.7,37.5
2026-06-0109:11:54,30.8,37.4
2026-06-0109:12:05,30.8,37.5
2026-06-0109:12:15,30.8,37.5
2026-06-0109:12:26,30.8,37.0
2026-06-0109:12:37,30.8,36.9
2026-06-0109:12:47,30.9,36.7
2026-06-0109:12:58,30.9,36.6
2026-06-0109:13:08,30.9,36.6
2026-06-0109:13:19,31.0,36.7
2026-06-0109:13:30,31.0,37.4
2026-06-0109:13:40,31.0,37.1
2026-06-0109:13:51,31.0,37.0
2026-06-0109:14:01,31.1,37.0
2026-06-0109:14:12,31.1,36.9
2026-06-0109:14:22,31.1,36.8
2026-06-0109:14:33,31.1,36.7
2026-06-0109:14:44,31.1,36.7
2026-06-0109:14:54,31.1,36.6
2026-06-0109:15:05,31.1,36.7
2026-06-0109:15:16,31.0,37.4
2026-06-0109:15:26,30.9,37.3
2026-06-0109:15:37,30.9,37.4
2026-06-0109:15:47,30.8,37.4
2026-06-0109:15:58,30.7,37.4
2026-06-0109:16:09,30.6,37.6
2026-06-0109:16:19,30.5,37.7
2026-06-0109:16:30,30.4,37.8
2026-06-0109:16:40,30.3,38.0
2026-06-0109:16:51,30.2,38.0
2026-06-0109:17:02,30.1,38.1
2026-06-0109:17:12,30.0,38.3
2026-06-0109:17:23,29.9,38.5
2026-06-0109:17:33,29.8,39.1
2026-06-0109:17:44,29.6,39.4
2026-06-0109:17:55,29.6,39.6
2026-06-0109:18:05,29.5,39.8
2026-06-0109:18:16,29.4,40.0
2026-06-0109:18:27,29.3,40.1
2026-06-0109:18:37,29.2,40.2
2026-06-0109:18:48,29.1,40.4
2026-06-0109:18:58,29.0,40.5
2026-06-0109:19:09,28.9,40.5
2026-06-0109:19:20,28.8,40.7
2026-06-0109:19:30,28.8,40.8
2026-06-0109:19:41,28.7,41.0
2026-06-0109:19:51,28.6,41.1
2026-06-0109:20:02,28.6,41.2
2026-06-0109:20:13,28.5,41.3
2026-06-0109:20:23,28.4,41.4
2026-06-0109:20:34,28.4,41.5
2026-06-0109:20:44,28.3,41.7
2026-06-0109:20:55,28.2,41.8
2026-06-0109:21:05,28.2,41.9
2026-06-0111:49:08,26.7,44.4
2026-06-0111:49:18,26.8,44.5
2026-06-0111:49:29,26.8,44.5
2026-06-0111:49:39,26.8,44.5
2026-06-0111:49:49,26.7,44.5
2026-06-0111:49:59,26.7,44.6
2026-06-0111:50:10,26.7,44.6
2026-06-0111:50:20,26.7,44.6
2026-06-0111:50:30,26.7,44.7
2026-06-0111:50:41,26.7,44.7
2026-06-0111:50:51,26.7,44.7
2026-06-0111:51:01,26.7,44.7
2026-06-0111:51:11,26.7,44.7
2026-06-0111:51:22,26.8,44.8
2026-06-0111:51:32,26.7,44.8
2026-06-0111:51:42,26.7,44.9
2026-06-0111:51:52,26.7,44.9
2026-06-0111:52:03,26.7,44.9
2026-06-0111:52:13,26.7,44.9
2026-06-0111:52:23,26.7,44.9
2026-06-0111:52:34,26.7,44.8
2026-06-0111:52:44,26.7,45.0
2026-06-0111:52:54,26.7,45.0
2026-06-0111:53:05,26.7,45.0
2026-06-0111:53:15,26.7,45.0
2026-06-0111:53:25,26.7,45.0
2026-06-0111:53:35,26.7,45.1
2026-06-0111:53:46,26.7,45.1
2026-06-0111:53:56,26.7,45.1
2026-06-0111:54:06,26.7,45.2
2026-06-0111:54:16,26.7,45.2
2026-06-0112:09:13,26.7,45.8
2026-06-0112:09:23,26.7,45.8
2026-06-0112:09:34,26.7,45.8
2026-06-0112:09:44,26.7,45.8
2026-06-0112:09:54,26.7,45.7
2026-06-0112:10:04,26.7,45.8
2026-06-0112:10:14,26.7,45.7
2026-06-0112:10:25,26.7,45.8
2026-06-0112:10:35,26.7,45.8
2026-06-0112:10:45,26.7,45.7
2026-06-0112:10:56,26.7,45.7
2026-06-0112:11:06,26.7,45.7
2026-06-0112:11:16,26.7,45.7
2026-06-0112:11:27,26.7,45.7
2026-06-0112:11:37,26.7,45.7
2026-06-0112:11:47,26.7,45.7
2026-06-0112:11:57,26.7,45.7
2026-06-0112:12:08,26.7,45.7
2026-06-0112:12:18,26.7,45.7
2026-06-0112:12:28,26.7,45.7
2026-06-0112:12:38,26.7,45.7
2026-06-0112:12:49,26.7,45.7
2026-06-0112:12:59,26.7,45.6
2026-06-0112:13:09,26.7,45.7
2026-06-0112:13:20,26.7,45.7
2026-06-0112:13:30,26.7,45.6
2026-06-0112:13:40,26.7,45.6
2026-06-0112:13:50,26.7,45.6
2026-06-0112:14:01,26.7,45.6
2026-06-0112:14:11,26.7,45.6
2026-06-0112:14:21,26.7,45.6
2026-06-0112:14:32,26.7,45.6
2026-06-0112:14:42,26.7,45.5
2026-06-0112:14:52,26.7,45.5
2026-06-0112:15:03,26.7,45.4
2026-06-0112:15:13,26.7,45.5
2026-06-0112:15:23,26.7,45.4
2026-06-0112:15:33,26.7,45.4
2026-06-0112:15:44,26.7,45.4
2026-06-0112:15:54,26.7,45.4
2026-06-0112:16:04,26.7,45.2
2026-06-0112:16:14,26.7,45.2
2026-06-0112:16:25,26.7,45.1
2026-06-0112:16:35,26.7,45.1
2026-06-0112:16:45,26.6,45.1
2026-06-0112:16:55,26.7,45.0
2026-06-0112:17:06,26.6,44.9
2026-06-0112:17:16,26.6,44.8
2026-06-0112:17:27,26.6,44.9
2026-06-0112:17:36,26.6,44.8
2026-06-0112:17:47,26.6,44.8
2026-06-0112:17:57,26.6,44.8
2026-06-0112:18:07,26.7,44.8
2026-06-0112:18:18,26.6,44.8
2026-06-0112:18:28,26.6,44.8
2026-06-0112:18:38,26.6,44.8
2026-06-0112:18:49,26.6,44.8
2026-06-0112:18:59,26.6,44.9
2026-06-0112:19:09,26.6,44.9
2026-06-0112:19:20,26.6,44.8
2026-06-0112:19:30,26.6,44.9
2026-06-0112:19:40,26.6,44.9
2026-06-0112:19:50,26.6,44.8
2026-06-0112:20:00,26.6,44.8
2026-06-0112:20:11,26.6,44.8
2026-06-0112:20:21,26.6,44.8
2026-06-0112:20:31,26.6,44.8
2026-06-0112:20:42,26.6,44.8
2026-06-0112:20:52,26.6,44.8
2026-06-0112:21:02,26.6,44.7
2026-06-0112:21:12,26.6,44.8
2026-06-0112:21:23,26.6,44.8
2026-06-0112:21:33,26.6,44.7
2026-06-0112:21:43,26.6,44.8
2026-06-0112:21:54,26.6,44.8
2026-06-0112:22:04,26.6,44.7
2026-06-0112:22:14,26.6,44.7
2026-06-0112:22:24,26.6,44.8
2026-06-0112:22:35,26.6,44.7
2026-06-0112:22:45,26.6,44.7
2026-06-0112:22:55,26.6,44.7
2026-06-0112:23:06,26.6,44.7
2026-06-0112:23:16,26.6,44.8
2026-06-0112:23:26,26.6,44.8
2026-06-0112:23:37,26.6,44.8
2026-06-0112:23:47,26.6,44.9
2026-06-0112:23:57,26.6,45.0
2026-06-0112:24:07,26.6,45.0
2026-06-0112:24:17,26.6,45.1
2026-06-0112:24:28,26.6,45.2
2026-06-0112:24:38,26.6,45.3
2026-06-0112:24:48,26.7,45.3
2026-06-0112:24:59,26.6,45.4
2026-06-0112:25:09,26.6,45.5
2026-06-0112:25:19,26.6,45.4
2026-06-0112:25:29,26.7,45.4
2026-06-0112:25:40,26.6,45.5
2026-06-0112:25:50,26.6,45.4
2026-06-0112:26:00,26.6,45.4
2026-06-0112:26:11,26.6,45.4
2026-06-0112:26:21,26.6,45.4
2026-06-0112:26:31,26.6,45.4
2026-06-0112:26:41,26.6,45.4
2026-06-0112:26:52,26.6,45.5
2026-06-0112:27:02,26.6,45.4
2026-06-0112:27:12,26.6,45.4
2026-06-0112:27:23,26.6,45.4
2026-06-0112:27:33,26.6,45.4
2026-06-0112:27:43,26.6,45.3
2026-06-0112:27:53,26.6,45.3
2026-06-0112:28:04,26.6,45.4
2026-06-0112:28:14,26.7,45.4
2026-06-0112:28:24,26.6,45.4
2026-06-0112:28:34,26.7,45.3
2026-06-0112:28:45,26.6,45.3
2026-06-0112:28:55,26.6,45.3
2026-06-0112:29:05,26.7,45.3
2026-06-0112:29:16,26.7,45.3
2026-06-0112:29:26,26.7,45.3
2026-06-0112:29:36,26.7,45.3
2026-06-0112:29:47,26.7,45.3
2026-06-0112:29:57,26.7,45.3
2026-06-0112:30:07,26.6,45.3
2026-06-0112:30:17,26.7,45.3
2026-06-0112:30:28,26.7,45.3
2026-06-0112:30:38,26.7,45.3
2026-06-0112:30:48,26.7,45.4
2026-06-0112:30:58,26.7,45.4
2026-06-0112:31:09,26.7,45.4
2026-06-0112:31:19,26.7,45.4
2026-06-0112:31:29,26.6,45.4
2026-06-0112:31:40,26.7,45.4
2026-06-0112:31:50,26.7,45.4
2026-06-0112:32:00,26.7,45.5
2026-06-0112:32:10,26.7,45.5
2026-06-0112:32:21,26.7,45.5
2026-06-0112:32:31,26.7,45.5
2026-06-0112:32:41,26.6,45.5
2026-06-0112:32:51,26.6,45.5
2026-06-0112:33:02,26.7,45.6
2026-06-0112:33:12,26.6,45.6
2026-06-0112:33:22,26.7,45.5
2026-06-0112:33:33,26.7,45.5
2026-06-0112:33:43,26.6,45.6
2026-06-0112:33:53,26.6,45.6
2026-06-0112:34:03,26.6,45.6
2026-06-0112:34:14,26.6,45.6
2026-06-0112:34:24,26.6,45.6
2026-06-0112:34:34,26.6,45.7
2026-06-0112:34:44,26.7,45.7
2026-06-0112:34:55,26.7,45.7
2026-06-0112:35:05,26.7,45.7
2026-06-0112:35:15,26.7,45.7
2026-06-0112:35:26,26.7,45.7
2026-06-0112:35:36,26.7,45.7
2026-06-0112:35:46,26.6,45.7
2026-06-0112:35:57,26.6,45.7
2026-06-0112:36:07,26.7,45.7
2026-06-0112:36:17,26.7,45.8
2026-06-0112:36:27,26.6,45.7
2026-06-0112:36:38,26.7,45.7
2026-06-0112:36:48,26.7,45.8
2026-06-0112:36:58,26.6,45.7
2026-06-0112:37:09,26.7,45.8
2026-06-0112:37:19,26.7,45.8
2026-06-0112:37:29,26.7,45.8
2026-06-0112:37:39,26.7,45.8
2026-06-0112:37:50,26.6,45.8
2026-06-0112:38:00,26.7,45.8
2026-06-0112:38:10,26.7,45.8
2026-06-0112:38:20,26.7,45.8
2026-06-0112:38:31,26.7,45.8
2026-06-0112:38:41,26.7,45.8
2026-06-0112:38:51,26.7,45.8
2026-06-0112:39:02,26.7,45.8
2026-06-0112:39:12,26.6,45.8
2026-06-0112:39:22,26.7,45.7
2026-06-0112:39:33,26.7,45.8
2026-06-0112:39:43,26.7,45.8
2026-06-0112:39:53,26.7,45.8
2026-06-0112:40:03,26.7,45.8
2026-06-0112:40:14,26.7,45.8
2026-06-0112:40:24,26.7,45.8
2026-06-0112:40:34,26.7,45.8
2026-06-0112:40:44,26.7,45.8
2026-06-0112:40:55,26.7,45.8
2026-06-0112:41:05,26.7,45.8
2026-06-0112:41:15,26.7,45.8
2026-06-0112:41:26,26.7,45.8
2026-06-0112:41:36,26.7,45.8
2026-06-0112:41:46,26.7,45.8
2026-06-0112:41:56,26.7,45.8
2026-06-0112:42:07,26.7,45.8
2026-06-0206:33:33,23.0,54.5
2026-06-0206:33:43,24.2,52.4
2026-06-0206:33:54,24.2,52.4
2026-06-0206:34:04,24.2,52.4
2026-06-0206:51:56,24.2,52.3
2026-06-0206:52:07,24.9,50.9
2026-06-0206:52:18,24.9,50.9
2026-06-0206:52:28,25.0,51.0
2026-06-0206:52:39,25.0,51.0
2026-06-0206:52:50,25.0,50.9
2026-06-0206:53:01,25.0,51.0
2026-06-0206:53:12,25.0,50.9
2026-06-0206:53:23,25.0,50.9
2026-06-0206:53:33,25.0,50.8
2026-06-0206:53:44,25.0,50.8
2026-06-0206:53:55,25.0,50.8
2026-06-0206:54:06,25.0,50.9
2026-06-0206:54:17,25.0,50.8
2026-06-0206:54:28,25.0,50.8
2026-06-0206:54:38,25.0,50.8
2026-06-0206:54:49,25.0,50.8
2026-06-0206:55:00,25.0,50.8
2026-06-0206:55:11,25.0,50.8
2026-06-0206:55:22,25.0,50.8
2026-06-0206:55:33,25.0,50.8
2026-06-0206:55:43,25.0,50.7
2026-06-0206:55:54,25.0,50.8
2026-06-0206:56:05,25.1,50.8
2026-06-0206:56:16,25.1,50.7
2026-06-0206:56:27,25.1,50.7
2026-06-0206:56:38,25.1,50.8
2026-06-0206:56:49,25.1,50.7
2026-06-0206:56:59,25.1,50.7
2026-06-0206:57:10,25.1,50.7
2026-06-0206:57:21,25.1,50.6
2026-06-0206:57:32,25.1,50.6
2026-06-0206:57:43,25.1,50.6
2026-06-0206:57:53,25.1,50.6
2026-06-0206:58:04,25.1,50.6
2026-06-0206:58:15,25.1,50.5
2026-06-0206:58:26,25.1,50.5
2026-06-0206:58:37,25.1,50.5
2026-06-0206:58:48,25.1,50.4
2026-06-0206:58:59,25.1,50.4
2026-06-0206:59:09,25.1,50.5
2026-06-0206:59:20,25.1,50.4
2026-06-0206:59:31,25.1,50.4
2026-06-0206:59:42,25.2,50.4
2026-06-0206:59:53,25.2,50.4
2026-06-0207:00:04,25.2,50.4
2026-06-0207:00:14,25.2,50.4
2026-06-0207:00:25,25.2,50.3
2026-06-0207:00:36,25.2,50.2
2026-06-0207:00:47,25.2,50.2
2026-06-0207:00:58,25.2,50.3
2026-06-0207:01:09,25.2,50.2
2026-06-0207:01:20,25.2,50.0
2026-06-0207:01:30,25.2,50.0
2026-06-0207:01:41,25.2,49.8
2026-06-0207:01:52,25.2,49.8
2026-06-0207:02:03,25.2,49.8
2026-06-0207:02:14,25.2,49.9
2026-06-0207:02:24,25.2,49.8
2026-06-0207:02:35,25.2,49.8
2026-06-0207:02:46,25.2,49.8
2026-06-0207:02:57,25.2,49.7
2026-06-0207:03:08,25.2,49.8
2026-06-0207:03:19,25.2,49.8
2026-06-0207:03:30,25.2,49.8
2026-06-0207:03:40,25.2,49.8
2026-06-0207:03:51,25.2,49.8
2026-06-0207:04:02,25.3,49.8
2026-06-0207:04:13,25.2,49.9
2026-06-0207:04:24,25.3,49.9
2026-06-0207:04:34,25.2,49.9
2026-06-0207:04:46,25.3,49.9
2026-06-0207:04:56,25.3,49.9
2026-06-0207:05:07,25.3,49.9
2026-06-0207:05:18,25.2,49.8
2026-06-0207:05:29,25.3,49.9
2026-06-0207:05:40,25.3,49.6
2026-06-0207:05:50,25.3,49.5
2026-06-0207:06:01,25.3,49.5
2026-06-0207:06:12,25.3,49.5
2026-06-0207:06:23,25.3,49.6
2026-06-0207:06:34,25.3,49.6
2026-06-0207:06:45,25.3,49.6
2026-06-0207:06:56,25.3,49.7
2026-06-0207:07:06,25.3,49.6
2026-06-0207:07:17,25.3,49.7
2026-06-0207:07:28,25.3,49.6
2026-06-0207:07:39,25.3,49.7
2026-06-0207:07:50,25.3,49.6
2026-06-0207:08:01,25.3,49.6
2026-06-0207:08:11,25.3,49.6
2026-06-0207:08:23,25.3,49.7
2026-06-0207:08:33,25.3,49.6
2026-06-0207:08:44,25.3,49.6
2026-06-0207:08:55,25.3,49.7
2026-06-0207:09:06,25.3,49.6
2026-06-0207:09:17,25.3,49.6
2026-06-0207:09:27,25.3,49.7
2026-06-0207:09:38,25.3,49.6
2026-06-0207:09:49,25.3,49.7
2026-06-0207:10:00,25.3,49.7
2026-06-0207:10:11,25.3,49.6
2026-06-0207:14:40,25.3,49.7
2026-06-0207:14:51,25.4,49.1
2026-06-0207:15:02,25.4,49.2
2026-06-0207:15:12,25.4,49.2
2026-06-0207:15:23,25.4,49.2
2026-06-0207:15:33,25.4,49.2
2026-06-0207:15:44,25.4,49.2
2026-06-0207:15:54,25.4,49.3
2026-06-0207:16:05,25.4,49.3
2026-06-0207:16:16,25.4,49.3
2026-06-0207:16:26,25.4,49.3
2026-06-0207:16:37,25.4,49.2
2026-06-0207:16:47,25.4,49.1
2026-06-0207:16:58,25.4,49.2
2026-06-0207:17:09,25.4,49.1
2026-06-0207:17:19,25.4,49.1
2026-06-0207:17:29,25.4,49.1
2026-06-0207:17:40,25.4,49.2
2026-06-0207:17:51,25.4,49.2
2026-06-0207:18:01,25.4,49.2
2026-06-0207:18:12,25.4,49.2
2026-06-0207:18:22,25.4,49.2
2026-06-0207:18:33,25.4,49.2
2026-06-0207:18:43,25.4,49.2
2026-06-0207:18:54,25.4,49.2
2026-06-0207:19:04,25.4,49.1
2026-06-0207:19:15,25.4,49.2
2026-06-0207:19:26,25.4,49.0
2026-06-0207:19:36,25.4,49.0
2026-06-0207:19:47,25.4,49.0
2026-06-0207:19:57,25.4,49.0
2026-06-0207:20:08,25.4,48.9
2026-06-0207:20:18,25.4,49.0
2026-06-0207:20:29,25.4,49.0
2026-06-0207:20:40,25.4,49.0
2026-06-0207:20:50,25.4,49.0
2026-06-0207:26:33,25.4,48.9
2026-06-0207:26:44,25.4,48.9
2026-06-0207:26:55,25.4,48.9
2026-06-0207:27:05,25.4,48.9
2026-06-0207:27:16,25.4,49.0
2026-06-0207:27:26,25.4,49.0
2026-06-0207:27:37,25.4,49.0
2026-06-0207:27:47,25.4,49.0
2026-06-0207:27:58,25.4,49.0
2026-06-0207:28:08,25.4,49.0
2026-06-0207:28:19,25.4,49.0
2026-06-0207:28:30,25.4,49.0
2026-06-0207:28:40,25.4,49.0
2026-06-0207:28:51,25.4,49.0
2026-06-0207:29:01,25.4,49.0
2026-06-0207:29:12,25.4,49.0
2026-06-0207:29:22,25.4,49.0
2026-06-0207:29:33,25.4,49.0
2026-06-0207:29:43,25.4,49.0
2026-06-0207:29:54,25.4,49.0
2026-06-0207:30:05,25.4,49.0
2026-06-0207:30:15,25.4,49.0
2026-06-0207:30:26,25.4,49.0
2026-06-0207:30:37,25.4,49.0
2026-06-0207:30:47,25.4,49.0
2026-06-0207:30:57,25.4,48.9
2026-06-0207:31:08,25.4,48.9
2026-06-0207:31:19,25.4,48.9
2026-06-0207:31:29,25.4,48.9
2026-06-0207:31:40,25.4,48.9
2026-06-0207:31:50,25.4,48.8
2026-06-0207:32:01,25.4,48.8
2026-06-0207:32:12,25.4,48.9
2026-06-0207:32:22,25.4,48.9
2026-06-0207:32:33,25.4,48.8
2026-06-0207:32:43,25.4,48.9
2026-06-0207:37:27,25.4,49.0
2026-06-0207:37:38,25.4,49.0
2026-06-0207:37:48,25.4,49.0
2026-06-0207:37:59,25.4,48.9
2026-06-0207:38:09,25.4,49.0
2026-06-0207:38:20,25.4,49.0
2026-06-0207:38:31,25.4,49.0
2026-06-0207:38:41,25.4,49.0
2026-06-0207:38:52,25.4,49.0
2026-06-0207:39:02,25.4,49.1
2026-06-0207:39:13,25.4,49.1
2026-06-0207:39:23,25.4,49.1
2026-06-0207:39:34,25.4,49.1
2026-06-0207:39:44,25.4,49.1
2026-06-0207:44:18,25.5,49.1
2026-06-0207:44:29,25.5,49.1
2026-06-0207:44:39,25.5,49.1
2026-06-0207:44:50,25.4,49.1
2026-06-0207:45:01,25.5,49.2
2026-06-0207:45:11,25.5,49.2
2026-06-0207:45:22,25.4,49.2
2026-06-0207:45:32,25.5,49.2
2026-06-0207:45:43,25.5,49.2
2026-06-0207:45:53,25.5,49.2
2026-06-0207:46:04,25.4,49.2
2026-06-0207:46:15,25.5,49.2
2026-06-0207:46:25,25.5,49.2
2026-06-0207:46:36,25.5,49.2
2026-06-0207:46:46,25.5,49.2
2026-06-0207:46:57,25.5,49.2
2026-06-0207:47:07,25.5,49.2
2026-06-0207:47:18,25.5,49.2
2026-06-0207:47:29,25.5,49.3
2026-06-0207:47:40,25.5,49.2
2026-06-0207:47:51,25.5,49.2
2026-06-0207:48:02,25.5,49.2
2026-06-0207:52:58,25.5,49.2
2026-06-0207:53:08,25.5,49.2
2026-06-0207:53:18,25.5,49.2
2026-06-0207:53:29,25.5,49.2
2026-06-0207:53:39,25.5,49.1
2026-06-0207:53:49,25.5,49.3
2026-06-0207:54:00,25.5,49.3
2026-06-0207:54:10,25.5,49.2
2026-06-0207:54:20,25.5,49.4
2026-06-0207:54:31,25.5,49.4
2026-06-0207:54:41,25.5,49.4
2026-06-0207:54:51,25.5,49.4
2026-06-0208:06:53,25.7,49.3
2026-06-0208:07:03,25.7,49.1
2026-06-0208:07:14,25.7,49.2
2026-06-0208:07:24,25.7,49.2
2026-06-0208:07:34,25.7,49.2
2026-06-0208:07:45,25.7,49.2
2026-06-0208:07:55,25.7,49.2
2026-06-0208:08:05,25.7,49.3
2026-06-0208:08:15,25.7,49.3
2026-06-0208:08:26,25.7,49.3
2026-06-0208:08:36,25.7,49.2
2026-06-0208:08:46,25.7,49.1
2026-06-0208:14:23,25.8,49.1
2026-06-0208:14:33,25.8,49.2
2026-06-0208:14:43,25.8,49.1
2026-06-0208:14:53,25.8,49.0
2026-06-0208:15:04,25.8,49.0
2026-06-0208:15:14,25.8,49.0
2026-06-0208:15:24,25.8,48.9
2026-06-0208:15:35,25.8,48.9
2026-06-0208:15:45,25.8,48.9
2026-06-0208:15:55,25.8,48.8
2026-06-0208:16:06,25.8,48.9
2026-06-0208:16:16,25.8,48.9
2026-06-0208:16:26,25.8,48.9
2026-06-0208:16:36,25.8,48.9
2026-06-0208:16:46,25.8,48.9
2026-06-0208:16:57,25.8,49.0
2026-06-0208:17:08,25.8,49.0
2026-06-0208:17:18,25.8,48.9
2026-06-0208:17:29,25.8,48.9
2026-06-0208:17:39,25.8,48.9
2026-06-0208:17:50,25.8,48.8
2026-06-0208:18:01,25.8,48.8
2026-06-0208:18:11,25.8,48.9
2026-06-0208:18:22,25.8,48.9
2026-06-0208:18:32,25.8,48.9
2026-06-0208:18:43,25.9,48.9
2026-06-0208:18:54,25.8,49.0
2026-06-0208:19:04,25.9,49.0
2026-06-0208:19:15,25.9,49.0
2026-06-0208:19:25,25.9,49.0
2026-06-0208:19:36,25.8,48.9
2026-06-0208:19:47,25.8,48.9
2026-06-0208:19:57,25.9,49.0
2026-06-0208:20:08,25.9,48.8
2026-06-0208:20:18,25.8,48.9
2026-06-0208:20:29,25.9,48.9
2026-06-0208:20:40,25.9,48.9
2026-06-0208:20:50,25.9,48.9
2026-06-0208:21:01,25.9,49.0
2026-06-0208:21:12,25.9,49.1
2026-06-0208:21:22,25.8,49.1
2026-06-0208:21:33,25.9,49.1
2026-06-0208:21:43,25.9,49.0
2026-06-0208:21:54,25.9,49.0
2026-06-0208:22:04,25.9,49.1
2026-06-0208:22:15,25.9,49.0
2026-06-0208:22:26,25.9,49.1
2026-06-0208:22:36,25.9,49.1
2026-06-0208:22:47,25.9,49.0
2026-06-0208:22:57,25.9,49.0
2026-06-0208:23:08,25.9,49.0
2026-06-0208:23:19,25.9,49.0
2026-06-0208:23:29,25.9,49.0
2026-06-0208:23:40,25.9,49.0
2026-06-0208:23:51,25.9,49.0
2026-06-0208:24:01,25.9,49.0
2026-06-0208:24:12,25.9,49.0
2026-06-0208:24:22,26.0,49.0
2026-06-0208:24:33,26.0,49.0
2026-06-0208:24:44,26.0,49.0
2026-06-0208:24:54,26.0,49.0
2026-06-0208:25:05,25.9,49.0
2026-06-0208:25:15,26.0,49.0
2026-06-0208:25:26,26.0,48.9
2026-06-0208:25:37,26.0,48.9
2026-06-0208:25:47,26.0,48.9
2026-06-0208:25:58,26.0,48.9
2026-06-0208:26:08,26.0,48.9
2026-06-0208:26:19,26.0,48.9
2026-06-0208:26:30,26.0,48.9
2026-06-0208:26:40,26.0,48.9
2026-06-0208:26:51,26.0,48.9
2026-06-0208:27:02,26.0,48.8
2026-06-0208:27:12,26.0,48.8
2026-06-0208:27:23,26.0,48.7
2026-06-0208:27:33,26.0,48.7
2026-06-0208:27:44,26.0,48.7
2026-06-0208:27:55,26.0,48.7
2026-06-0208:28:05,26.0,48.6
2026-06-0208:28:16,26.0,48.5
2026-06-0208:28:27,26.0,48.4
2026-06-0208:28:37,26.0,48.4
2026-06-0208:28:48,26.0,48.4
2026-06-0208:28:58,26.0,48.4
2026-06-0208:29:09,26.0,48.4
2026-06-0208:29:19,26.0,48.5
2026-06-0208:29:30,26.0,48.5
2026-06-0208:29:40,26.1,48.4
2026-06-0208:29:51,26.1,48.4
2026-06-0208:30:02,26.1,48.4
2026-06-0208:30:12,26.1,48.3
2026-06-0208:30:23,26.1,48.3
2026-06-0208:30:33,26.1,48.3
2026-06-0208:30:44,26.1,48.3
2026-06-0208:30:55,26.0,48.2
2026-06-0208:31:05,26.1,48.1
2026-06-0208:31:16,26.1,48.1
2026-06-0208:31:27,26.1,48.0
2026-06-0208:31:37,26.1,48.0
2026-06-0208:31:48,26.1,47.9
2026-06-0208:31:59,26.0,47.9
2026-06-0208:32:09,26.0,47.9
2026-06-0208:32:20,26.0,47.9
2026-06-0208:32:30,26.0,48.0
2026-06-0208:32:41,26.0,48.0
2026-06-0208:32:51,26.0,48.1
2026-06-0208:33:02,26.0,48.1
2026-06-0208:33:13,26.0,48.2
2026-06-0208:33:23,26.0,48.2
2026-06-0208:33:34,26.0,48.3
2026-06-0208:33:44,26.0,48.3
2026-06-0208:33:55,26.0,48.2
2026-06-0208:34:06,26.0,48.2
2026-06-0208:34:16,26.0,48.2
2026-06-0208:34:27,26.0,48.2
2026-06-0208:34:37,26.0,48.3
2026-06-0208:34:48,26.0,48.4
2026-06-0208:34:59,26.0,48.4
2026-06-0208:35:09,26.0,48.5
2026-06-0208:35:20,26.0,48.5
2026-06-0208:35:30,26.0,48.5
2026-06-0208:35:41,25.9,48.6
2026-06-0208:35:52,26.0,48.6
2026-06-0208:36:02,25.9,48.6
2026-06-0208:36:13,26.0,48.6
2026-06-0208:36:23,26.0,48.6
2026-06-0208:36:34,25.9,48.6
2026-06-0208:36:45,26.0,48.6
2026-06-0208:36:55,26.0,48.6
2026-06-0208:37:06,26.0,48.7
2026-06-0208:37:17,26.0,48.6
2026-06-0208:37:27,26.0,48.7
2026-06-0208:37:38,26.0,48.7
2026-06-0208:37:48,26.0,48.6
2026-06-0208:37:59,26.0,48.7
2026-06-0208:38:10,26.0,48.7
2026-06-0208:38:20,26.0,48.7
2026-06-0208:38:31,26.0,48.7
2026-06-0208:38:41,26.0,48.7
2026-06-0208:38:52,26.0,48.6
2026-06-0208:39:03,26.0,48.6
2026-06-0208:39:13,26.0,48.5
2026-06-0208:39:24,26.0,48.6
2026-06-0208:39:34,26.0,48.6
2026-06-0208:39:45,26.0,48.7
2026-06-0208:39:55,26.0,48.7
2026-06-0208:40:06,26.0,48.7
2026-06-0208:40:17,26.0,48.7
2026-06-0208:40:27,26.0,48.7
2026-06-0208:40:38,26.0,48.7
2026-06-0208:40:49,26.0,48.7
2026-06-0208:40:59,26.0,48.7
2026-06-0208:41:10,26.0,48.7
2026-06-0208:41:20,26.0,48.7
2026-06-0208:41:31,26.0,48.7
2026-06-0208:41:42,26.0,48.7
2026-06-0208:41:52,26.0,48.7
2026-06-0208:42:03,26.0,48.8
2026-06-0208:42:13,26.0,48.8
2026-06-0208:42:24,26.0,48.8
2026-06-0208:42:35,26.0,48.8
2026-06-0208:42:45,26.0,48.8
2026-06-0208:42:56,26.0,48.8
2026-06-0208:43:06,26.0,48.8
2026-06-0208:43:17,26.0,48.8
2026-06-0208:43:28,26.0,48.8
2026-06-0208:43:38,26.0,49.0
2026-06-0208:43:49,26.0,49.0
2026-06-0208:44:00,26.0,49.0
2026-06-0208:44:10,26.0,49.1
2026-06-0208:44:21,26.1,49.0
2026-06-0208:44:31,26.0,49.1
2026-06-0208:44:42,26.0,49.0
2026-06-0208:44:52,26.0,48.9
2026-06-0208:45:03,26.0,48.8
2026-06-0208:45:14,26.1,48.8
2026-06-0208:45:24,26.1,48.8