id,timestamp,temperature,humidity,
1,2026-05-1207:31:19,22.3,28.4,
2,2026-05-1207:32:00,22.3,29.7,
3,2026-05-1207:32:42,22.3,29.1,
4,2026-05-1207:33:24,22.3,28.1,
5,2026-05-1207:34:05,22.2,27.3,
6,2026-05-1207:34:47,22.2,27.4,
7,2026-05-1207:35:28,22.1,27.4,
8,2026-05-1207:36:12,22.1,27.6,
9,2026-05-1207:36:36,22.1,27.9,
10,2026-05-1207:36:42,22.1,28.3,
11,2026-05-1207:36:47,22.1,28.4,
12,2026-05-1207:36:53,22.1,28.4,
13,2026-05-1207:36:58,22.1,28.5,
14,2026-05-1207:37:04,22.1,28.6,
15,2026-05-1207:37:09,22.1,28.6,
16,2026-05-1207:37:15,22.1,28.7,
17,2026-05-1207:37:21,22.1,28.8,
18,2026-05-1207:37:26,22.1,28.8,
19,2026-05-1207:37:32,22.1,28.8,
20,2026-05-1207:37:37,22.1,28.7,
21,2026-05-1207:37:43,22.1,28.8,
22,2026-05-1207:42:14,22.1,28.8,
23,2026-05-1207:42:19,22.2,29.4,
24,2026-05-1207:42:25,22.2,29.4,
25,2026-05-1207:42:31,22.2,29.4,
26,2026-05-1207:42:36,22.2,29.3,
27,2026-05-1207:42:42,22.2,29.1,
28,2026-05-1207:42:47,22.2,28.8,
29,2026-05-1207:42:53,22.2,28.7,
30,2026-05-1207:42:58,22.2,28.6,
31,2026-05-1207:43:04,22.1,28.7,
32,2026-05-1207:43:10,22.1,28.7,
33,2026-05-1207:43:15,22.1,28.7,
34,2026-05-1207:43:21,22.2,28.7,
35,2026-05-1207:43:26,22.2,28.7,
36,2026-05-1207:43:32,22.1,28.8,
37,2026-05-1207:43:38,22.1,28.8,
38,2026-05-1207:43:43,22.1,28.9,
39,2026-05-1207:43:49,22.1,28.9,
40,2026-05-1207:43:54,22.1,29.0,
41,2026-05-1207:44:00,22.1,29.0,
42,2026-05-1207:44:06,22.1,29.1,
43,2026-05-1207:44:11,22.1,29.2,
44,2026-05-1207:44:57,22.1,29.5,
45,2026-05-1207:45:02,22.1,29.5,
46,2026-05-1207:45:08,22.1,29.6,
47,2026-05-1207:45:14,22.1,29.5,
48,2026-05-1207:45:19,22.1,29.4,
49,2026-05-1207:45:25,22.1,29.4,
50,2026-05-1207:45:30,22.1,29.2,
51,2026-05-1207:45:36,22.1,29.1,
52,2026-05-1207:45:41,22.1,29.0,
53,2026-05-1207:45:47,22.1,29.0,
54,2026-05-1207:45:53,22.1,28.9,
55,2026-05-1207:45:58,22.1,28.7,
56,2026-05-1207:46:04,22.1,28.5,
57,2026-05-1209:00:38,22.1,28.8,
58,2026-05-1209:00:43,22.5,27.3,
59,2026-05-1209:00:48,22.5,27.4,
60,2026-05-1209:00:54,22.5,27.4,
61,2026-05-1209:01:00,22.4,27.5,
62,2026-05-1209:01:05,22.4,27.4,
63,2026-05-1209:01:11,22.4,27.5,
64,2026-05-1209:01:16,22.4,27.5,
65,2026-05-1209:01:22,22.5,27.5,
66,2026-05-1209:01:27,22.5,27.5,
67,2026-05-1209:01:33,22.4,27.5,
68,2026-05-1209:01:39,22.4,27.6,
69,2026-05-1209:01:44,22.4,27.6,
70,2026-05-1209:01:50,22.4,27.5,
71,2026-05-1209:01:55,22.4,27.6,
72,2026-05-1209:02:01,22.4,27.6,
73,2026-05-1209:02:07,22.4,27.6,
74,2026-05-1209:02:12,22.4,27.7,
75,2026-05-1209:02:18,22.4,27.7,
76,2026-05-1209:02:23,22.4,27.6,
77,2026-05-1209:02:29,22.4,27.4,
78,2026-05-1209:02:35,22.5,27.2,
79,2026-05-1209:02:40,22.4,27.1,
80,2026-05-1209:02:46,22.4,27.0,
81,2026-05-1209:02:51,22.4,27.0,
82,2026-05-1209:02:57,22.4,27.0,
83,2026-05-1209:03:03,22.4,27.0,
84,2026-05-1209:03:08,22.4,27.2,
85,2026-05-1209:03:14,22.4,27.1,
86,2026-05-1209:03:20,22.4,27.1,
87,2026-05-1209:03:25,22.4,27.2,
88,2026-05-1209:03:30,22.4,27.2,
89,2026-05-1209:03:36,22.4,27.3,
90,2026-05-1209:03:42,22.4,27.3,
91,2026-05-1209:03:47,22.4,27.3,
92,2026-05-1209:03:53,22.4,27.4,
93,2026-05-1209:03:59,22.4,27.4,
94,2026-05-1209:04:04,22.4,27.4,
95,2026-05-1209:04:10,22.4,27.4,
96,2026-05-1209:04:15,22.4,27.5,
97,2026-05-1209:04:21,22.5,27.5,
98,2026-05-1209:04:26,22.4,27.4,
99,2026-05-1209:04:32,22.4,27.4,
100,2026-05-1209:04:38,22.4,27.3,
101,2026-05-1209:04:43,22.4,27.3,
102,2026-05-1209:04:49,22.5,27.4,
103,2026-05-1209:04:54,22.5,27.3,
104,2026-05-1209:05:00,22.4,27.4,
105,2026-05-1209:05:06,22.4,27.4,
106,2026-05-1209:05:11,22.5,27.4,
107,2026-05-1209:05:17,22.4,27.3,
108,2026-05-1209:05:22,22.5,27.1,
109,2026-05-1209:05:28,22.4,27.1,
110,2026-05-1209:05:34,22.5,27.0,
111,2026-05-1209:05:39,22.5,27.0,
112,2026-05-1209:06:55,22.5,26.9,
113,2026-05-1209:07:00,22.5,26.8,
114,2026-05-1209:07:06,22.5,26.9,
115,2026-05-1209:07:12,22.5,26.9,
116,2026-05-1209:07:17,22.5,26.9,
117,2026-05-1209:07:23,22.5,26.8,
118,2026-05-1209:07:29,22.5,26.6,
119,2026-05-1209:07:34,22.5,26.6,
120,2026-05-1209:07:40,22.5,26.6,
121,2026-05-1209:07:45,22.5,26.5,
122,2026-05-1209:07:51,22.5,26.5,
123,2026-05-1209:07:56,22.5,26.5,
124,2026-05-1209:08:02,22.5,26.5,
125,2026-05-1209:08:08,22.5,26.4,
126,2026-05-1209:08:13,22.5,26.3,
127,2026-05-1209:08:19,22.5,26.2,
128,2026-05-1209:08:24,22.5,26.2,
129,2026-05-1209:08:30,22.5,26.2,
130,2026-05-1209:08:36,22.5,26.2,
131,2026-05-1209:08:41,22.5,26.2,
132,2026-05-1209:08:47,22.5,26.1,
133,2026-05-1209:08:53,22.5,26.1,
134,2026-05-1209:08:58,22.5,26.1,
135,2026-05-1209:09:04,22.5,26.1,
136,2026-05-1209:09:09,22.5,26.1,
137,2026-05-1209:09:15,22.5,26.1,
138,2026-05-1209:09:21,22.5,26.1,
139,2026-05-1209:09:26,22.5,26.2,
140,2026-05-1209:09:32,22.5,26.3,
141,2026-05-1209:09:37,22.5,26.4,
142,2026-05-1209:09:43,22.5,26.4,
143,2026-05-1209:09:49,22.5,26.5,
144,2026-05-1209:09:54,22.5,26.6,
145,2026-05-1209:10:00,22.5,26.7,
146,2026-05-1209:10:05,22.5,26.7,
147,2026-05-1209:10:11,22.5,26.7,
148,2026-05-1209:10:17,22.5,26.7,
149,2026-05-1209:10:22,22.5,26.8,
150,2026-05-1209:10:28,22.5,26.8,
151,2026-05-1209:10:33,22.5,26.8,
152,2026-05-1209:10:39,22.5,26.8,
153,2026-05-1209:10:45,22.5,26.8,
154,2026-05-1209:10:50,22.5,26.8,
155,2026-05-1209:10:56,22.5,26.8,
156,2026-05-1209:11:01,22.5,26.9,
157,2026-05-1209:11:07,22.5,26.9,
158,2026-05-1209:11:13,22.5,26.9,
159,2026-05-1209:11:18,22.6,27.0,
160,2026-05-1209:11:24,22.5,27.0,
161,2026-05-1209:11:29,22.6,27.0,
162,2026-05-1209:11:35,22.6,27.1,
163,2026-05-1209:11:41,22.6,27.1,
164,2026-05-1209:11:46,22.6,27.1,
165,2026-05-1209:11:52,22.6,27.2,
166,2026-05-1209:11:57,22.6,27.2,
167,2026-05-1209:12:03,22.6,27.2,
168,2026-05-1209:12:09,22.6,27.2,
169,2026-05-1209:12:15,22.6,27.3,
170,2026-05-1209:12:20,22.6,27.3,
171,2026-05-1209:12:25,22.6,27.4,
172,2026-05-1209:12:31,22.6,27.4,
173,2026-05-1209:12:37,22.6,27.4,
174,2026-05-1209:12:42,22.6,27.4,
175,2026-05-1209:12:48,22.6,27.5,
176,2026-05-1209:12:53,22.6,27.4,
177,2026-05-1209:12:59,22.6,27.5,
178,2026-05-1209:13:05,22.6,27.5,
179,2026-05-1209:13:10,22.6,27.5,
180,2026-05-1209:13:16,22.6,27.5,
181,2026-05-1209:13:21,22.6,27.6,
182,2026-05-1209:13:27,22.6,27.6,
183,2026-05-1209:13:33,22.6,27.5,
184,2026-05-1209:13:38,22.6,27.6,
185,2026-05-1209:13:44,22.6,27.6,
186,2026-05-1209:13:50,22.6,27.6,
187,2026-05-1209:13:55,22.6,27.6,
188,2026-05-1209:14:01,22.6,27.6,
189,2026-05-1209:14:06,22.6,27.6,
190,2026-05-1209:14:12,22.6,27.6,
191,2026-05-1209:14:18,22.6,27.6,
192,2026-05-1209:14:23,22.6,27.6,
193,2026-05-1209:14:29,22.6,27.7,
194,2026-05-1209:14:35,22.6,27.6,
195,2026-05-1209:14:40,22.6,27.6,
196,2026-05-1209:14:46,22.6,27.5,
197,2026-05-1209:14:51,22.7,27.5,
198,2026-05-1209:14:57,22.7,27.3,
199,2026-05-1209:15:02,22.7,27.3,
200,2026-05-1209:15:08,22.7,27.3,
201,2026-05-1209:15:14,22.7,27.3,
202,2026-05-1209:15:19,22.7,27.3,
203,2026-05-1209:15:25,22.7,27.4,
204,2026-05-1209:15:31,22.7,27.4,
205,2026-05-1209:15:36,22.7,27.4,
206,2026-05-1209:15:42,22.7,27.4,
207,2026-05-1209:15:47,22.7,27.5,
208,2026-05-1209:15:53,22.7,27.4,
209,2026-05-1209:15:58,22.7,27.5,
210,2026-05-1209:16:04,22.7,27.5,
211,2026-05-1209:16:10,22.7,27.5,
212,2026-05-1209:16:15,22.7,27.5,
213,2026-05-1209:16:21,22.7,27.5,
214,2026-05-1209:16:27,22.7,27.6,
215,2026-05-1209:16:32,22.7,27.4,
216,2026-05-1209:16:38,22.7,27.3,
217,2026-05-1209:16:43,22.7,27.2,
218,2026-05-1209:16:49,22.7,27.1,
219,2026-05-1210:54:17,22.7,24.0,
220,2026-05-1210:54:22,23.5,23.5,
221,2026-05-1210:54:28,23.5,23.5,
222,2026-05-1210:54:33,23.5,23.5,
223,2026-05-1210:54:39,23.5,23.6,
224,2026-05-1210:54:45,23.5,23.6,
225,2026-05-1210:54:50,23.5,23.7,
226,2026-05-1210:54:56,23.5,23.7,
227,2026-05-1210:55:01,23.5,23.8,
228,2026-05-1212:48:51,23.5,23.9,
229,2026-05-1212:48:57,23.6,26.7,
230,2026-05-1212:49:03,23.6,26.6,
231,2026-05-1212:49:10,23.6,26.6,
232,2026-05-1212:49:17,23.6,26.6,
233,2026-05-1212:49:23,23.6,26.7,
234,2026-05-1212:49:30,23.6,26.6,
235,2026-05-1212:49:36,23.6,26.7,
236,2026-05-1212:49:43,23.6,26.7,
237,2026-05-1212:49:49,23.6,26.7,
238,2026-05-1212:49:56,23.6,26.8,
239,2026-05-1212:50:03,23.6,26.8,
240,2026-05-1212:50:09,23.6,26.8,
241,2026-05-1212:50:16,23.6,26.9,
242,2026-05-1212:50:23,23.6,27.0,
243,2026-05-1212:50:29,23.6,26.9,
244,2026-05-1212:50:36,23.6,26.6,
245,2026-05-1212:50:42,23.6,26.5,
246,2026-05-1212:50:49,23.6,26.3,
247,2026-05-1212:50:55,23.6,26.2,
248,2026-05-1212:51:02,23.5,26.1,
249,2026-05-1212:56:25,23.2,26.1,
250,2026-05-1212:56:31,23.2,26.1,
251,2026-05-1212:56:38,23.1,26.1,
252,2026-05-1212:56:44,23.2,26.2,
253,2026-05-1212:56:51,23.1,26.2,
254,2026-05-1212:56:57,23.1,26.3,
255,2026-05-1212:57:04,23.1,26.3,
256,2026-05-1212:57:11,23.1,26.4,
257,2026-05-1212:57:17,23.1,26.3,
258,2026-05-1212:57:24,23.1,26.5,
259,2026-05-1213:30:15,23.1,28.8,
260,2026-05-1213:30:21,23.1,28.7,
261,2026-05-1213:30:28,23.2,28.8,
262,2026-05-1213:30:35,23.2,28.7,
263,2026-05-1213:30:41,23.2,28.5,
264,2026-05-1213:30:48,23.2,28.5,
265,2026-05-1213:30:54,23.2,28.5,
266,2026-05-1213:31:01,23.2,28.5,
267,2026-05-1213:31:08,23.2,28.5,
268,2026-05-1213:31:14,23.2,28.4,
269,2026-05-1213:31:21,23.2,28.4,
270,2026-05-1213:31:28,23.2,28.3,
271,2026-05-1213:31:34,23.2,28.3,
272,2026-05-1213:31:41,23.2,28.3,
273,2026-05-1213:31:47,23.2,28.2,
274,2026-05-1213:31:54,23.2,28.1,
275,2026-05-1213:32:00,23.2,28.1,
276,2026-05-1213:32:07,23.2,28.0,
277,2026-05-1213:32:14,23.3,28.0,
278,2026-05-1213:32:20,23.3,27.9,
279,2026-05-1213:32:27,23.3,27.8,
280,2026-05-1213:32:33,23.3,27.9,
281,2026-05-1213:32:40,23.3,27.9,
282,2026-05-1213:32:47,23.3,28.0,
283,2026-05-1213:32:53,23.3,27.9,
284,2026-05-1213:33:00,23.3,27.8,
285,2026-05-1213:33:07,23.3,27.7,
286,2026-05-1213:33:13,23.3,27.5,
287,2026-05-1213:33:20,23.3,27.5,
288,2026-05-1213:33:26,23.3,27.5,
289,2026-05-1213:33:33,23.3,27.4,
290,2026-05-1213:33:40,23.3,27.4,
291,2026-05-1213:33:46,23.3,27.4,
292,2026-05-1213:33:53,23.3,27.2,
293,2026-05-1213:33:59,23.3,27.1,
294,2026-05-1213:34:06,23.3,27.1,
295,2026-05-1213:34:13,23.3,27.1,
296,2026-05-1213:34:19,23.3,27.1,
297,2026-05-1213:34:25,23.3,27.1,
298,2026-05-1213:34:32,23.3,27.3,
299,2026-05-1213:34:39,23.3,27.2,
300,2026-05-1213:34:46,23.3,27.3,
301,2026-05-1213:34:52,23.3,27.3,
302,2026-05-1213:34:59,23.3,27.3,
303,2026-05-1213:35:05,23.3,27.3,
304,2026-05-1213:35:12,23.3,27.2,
305,2026-05-1213:35:19,23.3,27.2,
306,2026-05-1213:35:25,23.3,27.2,
307,2026-05-1213:35:32,23.3,27.2,
308,2026-05-1213:35:38,23.3,27.1,
309,2026-05-1213:35:45,23.3,27.1,
310,2026-05-1213:35:51,23.3,27.0,
311,2026-05-1213:35:58,23.2,26.9,
312,2026-05-1213:36:05,23.2,26.8,
313,2026-05-1213:36:11,23.2,26.8,
314,2026-05-1213:36:18,23.2,26.8,
315,2026-05-1213:36:24,23.2,26.9,
316,2026-05-1213:36:31,23.2,26.9,
317,2026-05-1213:36:38,23.2,26.9,
318,2026-05-1213:36:44,23.2,26.9,
319,2026-05-1213:36:51,23.2,26.8,
320,2026-05-1213:36:58,23.2,26.7,
321,2026-05-1213:37:04,23.2,26.6,
322,2026-05-1213:37:11,23.2,26.5,
323,2026-05-1213:37:17,23.2,26.4,
324,2026-05-1213:37:24,23.2,26.4,
325,2026-05-1213:37:31,23.1,26.3,
326,2026-05-1213:37:37,23.1,26.4,
327,2026-05-1213:37:44,23.2,26.4,
328,2026-05-1213:37:50,23.1,26.4,
329,2026-05-1213:37:57,23.1,26.5,
330,2026-05-1213:38:04,23.1,26.6,
331,2026-05-1213:38:10,23.1,26.6,
332,2026-05-1213:38:17,23.1,26.7,
333,2026-05-1213:38:23,23.1,26.8,
334,2026-05-1213:38:30,23.1,26.8,
335,2026-05-1213:38:37,23.1,26.9,
336,2026-05-1213:38:43,23.1,27.0,
337,2026-05-1213:38:50,23.1,27.0,
338,2026-05-1213:38:56,23.1,27.1,
339,2026-05-1213:39:03,23.1,27.1,
340,2026-05-1213:39:09,23.1,27.1,
341,2026-05-1213:39:16,23.1,27.2,
342,2026-05-1213:39:23,23.2,27.2,
343,2026-05-1213:39:29,23.1,27.2,
344,2026-05-1213:39:36,23.1,27.2,
345,2026-05-1213:39:43,23.1,27.2,
346,2026-05-1213:39:49,23.1,27.3,
347,2026-05-1213:39:56,23.2,27.3,
348,2026-05-1213:40:02,23.2,27.3,
349,2026-05-1213:40:09,23.2,27.3,
350,2026-05-1213:40:15,23.1,27.3,
351,2026-05-1213:40:22,23.2,27.3,
352,2026-05-1213:40:29,23.2,27.3,
353,2026-05-1213:40:35,23.2,27.3,
354,2026-05-1213:40:42,23.2,27.3,
355,2026-05-1213:40:49,23.2,27.3,
356,2026-05-1213:40:55,23.2,27.3,
357,2026-05-1213:41:02,23.2,27.3,
358,2026-05-1213:41:08,23.2,27.3,
359,2026-05-1213:41:15,23.2,27.4,
360,2026-05-1213:41:22,23.2,27.3,
361,2026-05-1213:41:28,23.2,27.3,
362,2026-05-1213:41:35,23.2,27.4,
363,2026-05-1213:41:41,23.2,27.3,
364,2026-05-1213:41:48,23.2,27.4,
365,2026-05-1213:41:54,23.2,27.4,
366,2026-05-1213:42:01,23.2,27.2,
367,2026-05-1213:42:08,23.2,27.3,
368,2026-05-1213:42:14,23.2,27.3,
369,2026-05-1213:42:21,23.2,27.3,
370,2026-05-1213:42:27,23.2,27.2,
371,2026-05-1213:42:34,23.2,27.3,
372,2026-05-1213:42:41,23.2,27.2,
373,2026-05-1213:42:47,23.2,27.2,
374,2026-05-1213:42:54,23.2,27.3,
375,2026-05-1213:43:00,23.2,27.2,
376,2026-05-1213:43:07,23.2,27.2,
377,2026-05-1213:43:14,23.2,27.2,
378,2026-05-1213:43:20,23.2,27.2,
379,2026-05-1213:43:27,23.2,27.1,
380,2026-05-1213:43:34,23.2,27.1,
381,2026-05-1213:43:40,23.2,27.1,
382,2026-05-1213:43:47,23.2,27.1,
383,2026-05-1213:43:53,23.2,27.1,
384,2026-05-1213:44:00,23.2,27.1,
385,2026-05-1213:44:06,23.2,27.1,
386,2026-05-1213:44:13,23.3,27.1,
387,2026-05-1213:44:20,23.3,27.1,
388,2026-05-1213:44:26,23.3,27.1,
389,2026-05-1213:44:33,23.3,27.1,
390,2026-05-1213:44:40,23.3,27.2,
391,2026-05-1213:44:46,23.3,27.2,
392,2026-05-1213:44:53,23.3,27.2,
393,2026-05-1213:44:59,23.3,27.2,
394,2026-05-1213:45:06,23.3,27.1,
395,2026-05-1213:45:13,23.3,27.1,
396,2026-05-1213:45:19,23.3,27.1,
397,2026-05-1213:45:26,23.3,27.1,
398,2026-05-1213:45:32,23.3,27.1,
399,2026-05-1213:45:39,23.3,27.0,
400,2026-05-1213:45:46,23.3,27.1,
401,2026-05-1213:45:52,23.3,27.1,
402,2026-05-1213:45:59,23.3,27.1,
403,2026-05-1213:46:05,23.3,27.1,
404,2026-05-1213:46:12,23.3,27.1,
405,2026-05-1213:46:19,23.3,27.1,
406,2026-05-1213:46:25,23.3,27.1,
407,2026-05-1213:46:32,23.3,27.2,
408,2026-05-1213:46:38,23.3,27.2,
409,2026-05-1213:46:45,23.3,27.2,
410,2026-05-1213:46:51,23.3,27.2,
411,2026-05-1213:46:58,23.3,27.2,
412,2026-05-1213:47:05,23.3,27.1,
413,2026-05-1213:47:11,23.3,27.2,
414,2026-05-1213:47:18,23.3,27.1,
415,2026-05-1213:47:24,23.3,27.1,
416,2026-05-1213:47:31,23.3,27.1,
417,2026-05-1213:47:38,23.3,27.1,
418,2026-05-1213:47:44,23.3,27.1,
419,2026-05-1213:47:51,23.4,27.1,
420,2026-05-1213:47:57,23.4,27.1,
421,2026-05-1213:48:04,23.4,27.1,
422,2026-05-1213:48:11,23.4,27.1,
423,2026-05-1213:48:17,23.3,27.2,
424,2026-05-1213:48:24,23.4,27.1,
425,2026-05-1213:48:31,23.4,27.0,
426,2026-05-1213:48:37,23.4,27.0,
427,2026-05-1213:48:44,23.4,26.9,
428,2026-05-1213:48:50,23.4,27.0,
429,2026-05-1213:48:57,23.4,26.9,
430,2026-05-1213:49:04,23.4,26.9,
431,2026-05-1213:49:10,23.4,26.9,
432,2026-05-1213:49:17,23.4,27.0,
433,2026-05-1213:49:23,23.4,27.0,
434,2026-05-1213:49:30,23.4,27.0,
435,2026-05-1213:49:37,23.4,26.9,
436,2026-05-1213:49:43,23.4,26.8,
437,2026-05-1213:49:50,23.4,26.9,
438,2026-05-1213:49:56,23.4,26.9,
439,2026-05-1213:50:03,23.4,26.9,
440,2026-05-1213:50:10,23.4,26.9,
441,2026-05-1213:50:16,23.4,26.9,
442,2026-05-1213:50:23,23.4,27.0,
443,2026-05-1213:50:29,23.4,26.9,
444,2026-05-1213:50:36,23.4,26.8,
445,2026-05-1213:50:42,23.4,26.9,
446,2026-05-1213:50:49,23.4,26.9,
447,2026-05-1213:50:56,23.4,26.9,
448,2026-05-1213:51:02,23.4,26.8,
449,2026-05-1213:51:09,23.4,26.6,
450,2026-05-1213:51:15,23.4,26.5,
451,2026-05-1213:51:22,23.4,26.4,
452,2026-05-1213:51:29,23.4,26.3,
453,2026-05-1213:51:35,23.4,26.3,
454,2026-05-1213:51:42,23.4,26.3,
455,2026-05-1213:51:48,23.4,26.4,
456,2026-05-1213:51:55,23.4,26.5,
457,2026-05-1213:52:02,23.4,26.5,
458,2026-05-1213:52:08,23.4,26.6,
459,2026-05-1213:52:15,23.4,26.6,
460,2026-05-1213:52:21,23.4,26.6,
461,2026-05-1213:52:28,23.4,26.6,
462,2026-05-1213:52:35,23.4,26.6,
463,2026-05-1213:52:41,23.4,26.7,
464,2026-05-1213:52:48,23.4,26.8,
465,2026-05-1213:52:55,23.4,26.9,
466,2026-05-1213:53:01,23.4,26.9,
467,2026-05-1213:53:08,23.4,26.9,
468,2026-05-1213:53:14,23.4,27.0,
469,2026-05-1213:53:21,23.4,27.0,
470,2026-05-1213:53:28,23.4,27.0,
471,2026-05-1213:53:34,23.4,27.1,
472,2026-05-1213:53:41,23.4,27.1,
473,2026-05-1213:53:47,23.4,27.0,
474,2026-05-1213:53:54,23.4,27.1,
475,2026-05-1213:54:01,23.4,27.2,
476,2026-05-1213:54:07,23.4,27.2,
477,2026-05-1213:54:14,23.4,27.1,
478,2026-05-1213:54:20,23.4,27.1,
479,2026-05-1213:54:27,23.4,27.1,
480,2026-05-1213:54:33,23.4,27.0,
481,2026-05-1213:54:40,23.4,27.0,
482,2026-05-1213:54:47,23.4,26.9,
483,2026-05-1213:54:53,23.4,27.0,
484,2026-05-1213:55:00,23.5,26.9,
485,2026-05-1213:55:07,23.4,26.9,
486,2026-05-1213:55:13,23.4,26.9,
487,2026-05-1213:55:20,23.4,26.9,
488,2026-05-1213:55:26,23.4,27.0,
489,2026-05-1213:55:33,23.5,27.0,
490,2026-05-1213:55:39,23.4,27.0,
491,2026-05-1214:14:11,23.5,27.1,
492,2026-05-1214:14:18,23.1,27.4,
493,2026-05-1214:14:24,23.2,27.4,
494,2026-05-1214:14:31,23.1,27.4,
495,2026-05-1214:14:38,23.1,27.5,
496,2026-05-1214:14:44,23.1,27.5,
497,2026-05-1214:14:51,23.1,27.5,
498,2026-05-1214:14:57,23.1,27.5,
499,2026-05-1214:15:04,23.1,27.6,
500,2026-05-1214:15:11,23.1,27.5,
501,2026-05-1214:15:17,23.1,27.5,
502,2026-05-1214:15:24,23.1,27.5,
503,2026-05-1214:15:30,23.1,27.6,
504,2026-05-1214:15:37,23.1,27.6,
505,2026-05-1214:15:44,23.1,27.5,
506,2026-05-1214:15:50,23.1,27.6,
507,2026-05-1214:15:57,23.1,27.6,
508,2026-05-1214:16:03,23.1,27.6,
509,2026-05-1214:16:10,23.1,27.6,
510,2026-05-1214:16:17,23.1,27.6,
511,2026-05-1214:16:23,23.1,27.6,
512,2026-05-1214:16:30,23.1,27.6,
513,2026-05-1214:16:36,23.1,27.7,
514,2026-05-1214:16:43,23.1,27.7,
515,2026-05-1214:16:49,23.1,27.6,
516,2026-05-1214:16:56,23.1,27.6,
517,2026-05-1214:17:03,23.1,27.7,
518,2026-05-1214:17:09,23.1,27.7,
519,2026-05-1214:17:16,23.1,27.7,
520,2026-05-1214:17:23,23.1,27.7,
521,2026-05-1214:17:29,23.1,27.8,
522,2026-05-1214:17:36,23.1,27.8,
523,2026-05-1214:17:42,23.1,27.8,
524,2026-05-1214:17:49,23.1,27.8,
525,2026-05-1214:17:55,23.1,27.8,
526,2026-05-1214:18:02,23.1,27.9,
527,2026-05-1214:18:09,23.1,27.9,
528,2026-05-1214:18:15,23.1,27.8,
529,2026-05-1214:18:22,23.1,27.8,
530,2026-05-1214:18:28,23.1,27.8,
531,2026-05-1214:18:35,23.1,27.7,
532,2026-05-1214:18:42,23.1,27.8,
533,2026-05-1214:18:48,23.1,27.8,
534,2026-05-1214:18:55,23.1,27.8,
535,2026-05-1214:19:01,23.1,27.8,
536,2026-05-1214:19:08,23.1,27.8,
537,2026-05-1214:19:14,23.1,27.8,
538,2026-05-1214:19:21,23.1,27.8,
539,2026-05-1214:19:28,23.1,27.8,
540,2026-05-1214:19:34,23.1,27.8,
541,2026-05-1214:19:41,23.1,27.8,
542,2026-05-1214:19:47,23.1,27.8,
543,2026-05-1214:19:54,23.1,27.8,
544,2026-05-1214:20:01,23.1,27.8,
545,2026-05-1214:20:07,23.1,27.8,
546,2026-05-1214:20:14,23.1,27.9,
547,2026-05-1214:20:20,23.1,27.9,
548,2026-05-1214:20:27,23.1,27.8,
549,2026-05-1214:20:34,23.1,27.8,
550,2026-05-1214:20:40,23.1,27.7,
551,2026-05-1214:20:47,23.1,27.7,
552,2026-05-1214:20:53,23.1,27.7,
553,2026-05-1214:21:00,23.1,27.7,
554,2026-05-1214:21:07,23.1,27.6,
555,2026-05-1214:21:13,23.1,27.5,
556,2026-05-1214:21:20,23.1,27.5,
557,2026-05-1214:21:26,23.1,27.5,
558,2026-05-1214:21:33,23.1,27.5,
559,2026-05-1214:21:40,23.1,27.5,
560,2026-05-1214:21:46,23.1,27.5,
561,2026-05-1214:21:53,23.1,27.5,
562,2026-05-1214:22:00,23.1,27.6,
563,2026-05-1214:22:06,23.1,27.6,
564,2026-05-1214:22:13,23.1,27.6,
565,2026-05-1214:22:19,23.0,27.6,
566,2026-05-1214:22:26,23.1,27.7,
567,2026-05-1214:22:32,23.1,27.8,
568,2026-05-1214:22:39,23.1,27.9,
569,2026-05-1214:22:46,23.1,27.9,
570,2026-05-1214:22:52,23.0,28.0,
571,2026-05-1214:22:59,23.1,27.9,
572,2026-05-1214:23:05,23.1,27.9,
573,2026-05-1214:23:12,23.0,27.7,
574,2026-05-1214:23:19,23.0,27.5,
575,2026-05-1214:23:25,23.0,27.5,
576,2026-05-1214:23:32,23.0,27.5,
577,2026-05-1214:23:39,23.0,27.3,
578,2026-05-1214:23:45,23.0,27.3,
579,2026-05-1214:23:52,23.0,27.3,
580,2026-05-1214:23:58,23.0,27.2,
581,2026-05-1214:24:05,23.0,27.1,
582,2026-05-1214:24:11,23.0,27.0,
583,2026-05-1214:24:18,23.0,27.0,
584,2026-05-1214:24:25,23.0,27.0,
585,2026-05-1214:24:31,23.0,26.9,
586,2026-05-1214:24:38,23.0,26.9,
587,2026-05-1214:24:44,23.0,27.0,
588,2026-05-1214:24:51,23.0,27.0,
589,2026-05-1214:24:57,23.0,27.1,
590,2026-05-1214:25:04,23.0,27.1,
591,2026-05-1214:25:11,23.0,27.2,
592,2026-05-1214:25:17,23.0,27.2,
593,2026-05-1214:25:24,23.0,27.2,
594,2026-05-1214:25:30,22.9,27.3,
595,2026-05-1214:25:37,23.0,27.4,
596,2026-05-1214:25:44,23.0,27.4,
597,2026-05-1214:25:50,23.0,27.4,
598,2026-05-1214:25:57,22.9,27.5,
599,2026-05-1214:26:04,23.0,27.5,
600,2026-05-1214:26:10,23.0,27.5,
601,2026-05-1214:26:17,23.0,27.5,
602,2026-05-1214:26:23,23.0,27.5,
603,2026-05-1214:26:30,23.0,27.5,
604,2026-05-1214:26:37,23.0,27.5,
605,2026-05-1214:26:43,23.0,27.5,
606,2026-05-1214:26:50,23.0,27.6,
607,2026-05-1214:26:56,23.0,27.5,
608,2026-05-1214:27:03,23.0,27.4,
609,2026-05-1214:27:10,23.0,27.1,
610,2026-05-1214:27:16,23.0,26.8,
611,2026-05-1214:27:23,22.9,26.6,
612,2026-05-1214:27:29,22.9,26.4,
613,2026-05-1214:27:36,22.9,26.3,
614,2026-05-1214:27:42,22.9,26.3,
615,2026-05-1214:27:49,22.9,26.3,
616,2026-05-1214:27:56,22.9,26.3,
617,2026-05-1214:28:02,22.9,26.4,
618,2026-05-1214:28:09,22.9,26.5,
619,2026-05-1214:28:15,22.9,26.6,
620,2026-05-1214:28:22,22.9,26.7,
621,2026-05-1214:28:29,22.9,26.7,
622,2026-05-1214:28:35,22.9,26.8,
623,2026-05-1214:28:42,22.9,26.8,
624,2026-05-1214:28:49,22.9,26.8,
625,2026-05-1214:28:55,22.9,26.9,
626,2026-05-1214:29:02,22.9,27.0,
627,2026-05-1214:29:08,22.9,27.1,
628,2026-05-1214:29:15,22.9,27.2,
629,2026-05-1214:29:21,22.9,27.2,
630,2026-05-1214:29:28,22.9,27.2,
631,2026-05-1214:29:35,22.9,27.3,
632,2026-05-1214:29:41,22.9,27.4,
633,2026-05-1214:29:48,22.9,27.3,
634,2026-05-1214:29:54,22.9,27.2,
635,2026-05-1214:30:01,22.9,27.3,
636,2026-05-1214:30:08,22.9,27.3,
637,2026-05-1214:30:14,22.9,27.2,
638,2026-05-1214:30:21,22.9,27.2,
639,2026-05-1214:30:27,22.9,27.2,
640,2026-05-1214:30:34,22.8,27.1,
641,2026-05-1214:30:41,22.9,27.2,
642,2026-05-1214:30:47,22.8,27.1,
643,2026-05-1214:30:54,22.8,27.1,
644,2026-05-1214:31:00,22.8,27.2,
645,2026-05-1214:31:07,22.8,27.2,
646,2026-05-1214:31:14,22.8,27.2,
647,2026-05-1214:31:20,22.8,27.3,
648,2026-05-1214:31:27,22.8,27.3,
649,2026-05-1214:31:33,22.8,27.3,
650,2026-05-1214:31:40,22.8,27.3,
651,2026-05-1214:31:47,22.7,27.3,
652,2026-05-1214:31:53,22.7,27.3,
653,2026-05-1214:32:00,22.7,27.3,
654,2026-05-1214:32:06,22.7,27.3,
655,2026-05-1214:32:13,22.7,27.3,
656,2026-05-1214:32:20,22.7,27.4,
657,2026-05-1214:32:26,22.7,27.4,
658,2026-05-1214:32:33,22.7,27.4,
659,2026-05-1214:32:39,22.7,27.4,
660,2026-05-1214:32:46,22.7,27.5,
661,2026-05-1214:32:52,22.7,27.4,
662,2026-05-1214:32:59,22.7,27.5,
663,2026-05-1214:33:06,22.7,27.5,
664,2026-05-1214:33:12,22.7,27.6,
665,2026-05-1214:33:19,22.7,27.5,
666,2026-05-1214:33:25,22.7,27.5,
667,2026-05-1214:33:32,22.7,27.6,
668,2026-05-1214:33:39,22.7,27.5,
669,2026-05-1214:33:45,22.7,27.4,
670,2026-05-1214:33:52,22.7,27.4,
671,2026-05-1214:33:59,22.7,27.4,
672,2026-05-1214:34:05,22.7,27.3,
673,2026-05-1214:34:12,22.7,27.2,
674,2026-05-1214:34:18,22.7,27.2,
675,2026-05-1214:34:25,22.6,27.2,
676,2026-05-1214:34:32,22.6,27.1,
677,2026-05-1214:34:38,22.6,27.1,
678,2026-05-1214:34:45,22.6,27.1,
679,2026-05-1214:34:51,22.6,27.1,
680,2026-05-1214:34:58,22.6,27.2,
681,2026-05-1214:35:05,22.6,27.2,
682,2026-05-1214:35:11,22.6,27.3,
683,2026-05-1214:35:18,22.6,27.3,
684,2026-05-1214:35:24,22.6,27.3,
685,2026-05-1214:35:31,22.6,27.4,
686,2026-05-1214:35:38,22.6,27.4,
687,2026-05-1214:35:44,22.5,27.4,
688,2026-05-1214:35:51,22.5,27.4,
689,2026-05-1214:35:57,22.6,27.4,
690,2026-05-1214:36:04,22.6,27.3,
691,2026-05-1214:36:10,22.6,27.3,
692,2026-05-1214:36:17,22.5,27.4,
693,2026-05-1214:36:24,22.6,27.4,
694,2026-05-1214:36:30,22.5,27.4,
695,2026-05-1214:36:37,22.6,27.5,
696,2026-05-1214:36:43,22.6,27.5,
697,2026-05-1214:36:50,22.6,27.5,
698,2026-05-1214:36:57,22.6,27.5,
699,2026-05-1214:37:03,22.6,27.5,
700,2026-05-1214:37:10,22.5,27.5,
701,2026-05-1214:37:16,22.5,27.5,
702,2026-05-1214:37:23,22.6,27.6,
703,2026-05-1214:37:30,22.6,27.6,
704,2026-05-1214:37:36,22.6,27.7,
705,2026-05-1214:37:43,22.6,27.7,
706,2026-05-1214:37:49,22.5,27.6,
707,2026-05-1214:37:56,22.6,27.7,
708,2026-05-1214:38:02,22.6,27.7,
709,2026-05-1214:38:09,22.6,27.7,
710,2026-05-1214:38:16,22.6,27.7,
711,2026-05-1214:38:22,22.5,27.7,
712,2026-05-1214:38:29,22.5,27.7,
713,2026-05-1214:38:36,22.6,27.8,
714,2026-05-1214:38:42,22.6,27.8,
715,2026-05-1214:38:49,22.6,27.8,
716,2026-05-1214:38:55,22.6,27.7,
717,2026-05-1214:39:02,22.6,27.8,
718,2026-05-1214:39:09,22.6,27.9,
719,2026-05-1214:39:15,22.6,27.8,
720,2026-05-1214:39:22,22.6,27.9,
721,2026-05-1214:39:28,22.6,27.9,
722,2026-05-1214:39:35,22.6,27.8,
723,2026-05-1214:39:42,22.6,27.8,
724,2026-05-1214:39:48,22.6,27.8,
725,2026-05-1214:39:55,22.6,27.8,
726,2026-05-1214:40:01,22.6,27.8,
727,2026-05-1214:40:08,22.6,27.8,
728,2026-05-1214:40:14,22.6,27.8,
729,2026-05-1214:40:21,22.6,27.8,
730,2026-05-1214:40:28,22.6,27.8,
731,2026-05-1214:40:34,22.6,27.8,
732,2026-05-1214:40:41,22.6,27.8,
733,2026-05-1214:40:48,22.6,27.8,
734,2026-05-1214:40:54,22.6,27.8,
735,2026-05-1214:41:01,22.6,27.8,
736,2026-05-1214:41:07,22.6,27.8,
737,2026-05-1214:41:14,22.6,27.8,
738,2026-05-1214:41:20,22.6,27.7,
739,2026-05-1214:41:27,22.6,27.8,
740,2026-05-1214:41:34,22.6,27.7,
741,2026-05-1214:41:41,22.6,27.7,
742,2026-05-1214:41:47,22.6,27.7,
743,2026-05-1214:41:53,22.6,27.7,
744,2026-05-1214:42:00,22.6,27.7,
745,2026-05-1214:42:07,22.6,27.7,
746,2026-05-1214:42:13,22.6,27.8,
747,2026-05-1214:42:20,22.6,27.8,
748,2026-05-1214:42:27,22.6,27.8,
749,2026-05-1214:42:33,22.6,27.8,
750,2026-05-1214:42:40,22.6,27.8,
751,2026-05-1214:42:46,22.6,27.7,
752,2026-05-1214:42:53,22.6,27.8,
753,2026-05-1214:42:59,22.6,27.7,
754,2026-05-1214:43:06,22.6,27.7,
755,2026-05-1214:43:13,22.6,27.8,
756,2026-05-1214:43:19,22.6,27.7,
757,2026-05-1214:43:26,22.6,27.8,
758,2026-05-1214:43:32,22.6,27.7,
759,2026-05-1214:43:39,22.6,27.8,
760,2026-05-1214:43:46,22.6,27.7,
761,2026-05-1214:43:52,22.6,27.6,
762,2026-05-1214:43:59,22.6,27.6,
763,2026-05-1214:44:05,22.6,27.6,
764,2026-05-1214:44:12,22.6,27.6,
765,2026-05-1214:44:19,22.6,27.6,
766,2026-05-1214:44:25,22.7,27.6,
767,2026-05-1214:44:32,22.7,27.6,
768,2026-05-1214:44:38,22.7,27.6,
769,2026-05-1214:44:45,22.7,27.6,
770,2026-05-1214:44:52,22.7,27.6,
771,2026-05-1214:44:58,22.7,27.6,
772,2026-05-1214:45:05,22.6,27.7,
773,2026-05-1214:45:11,22.6,27.6,
774,2026-05-1214:45:18,22.7,27.7,
775,2026-05-1214:45:25,22.7,27.7,
776,2026-05-1214:45:31,22.7,27.7,
777,2026-05-1214:45:38,22.7,27.7,
778,2026-05-1214:45:44,22.7,27.7,
779,2026-05-1214:45:51,22.7,27.8,
780,2026-05-1214:45:58,22.7,27.9,
781,2026-05-1214:46:04,22.7,27.8,
782,2026-05-1214:46:11,22.7,27.8,
783,2026-05-1214:46:17,22.7,27.9,
784,2026-05-1214:46:24,22.7,27.9,
785,2026-05-1214:46:31,22.7,27.9,
786,2026-05-1214:46:37,22.7,27.9,
787,2026-05-1214:46:44,22.7,27.8,
788,2026-05-1214:46:50,22.7,27.9,
789,2026-05-1214:46:57,22.7,27.9,
790,2026-05-1214:47:04,22.7,27.9,
791,2026-05-1214:47:10,22.7,27.9,
792,2026-05-1214:47:17,22.7,27.9,
793,2026-05-1214:47:23,22.7,27.8,
794,2026-05-1214:47:30,22.7,27.8,
795,2026-05-1214:47:36,22.7,27.7,
796,2026-05-1214:47:43,22.7,27.7,
797,2026-05-1214:47:50,22.7,27.7,
798,2026-05-1214:47:56,22.7,27.7,
799,2026-05-1214:48:03,22.7,27.7,
800,2026-05-1214:48:10,22.7,27.6,
801,2026-05-1214:48:16,22.7,27.7,
802,2026-05-1214:48:23,22.7,27.7,
803,2026-05-1214:48:29,22.7,27.6,
804,2026-05-1214:48:36,22.8,27.6,
805,2026-05-1214:48:43,22.7,27.6,
806,2026-05-1214:48:49,22.8,27.7,
807,2026-05-1214:48:56,22.7,27.6,
808,2026-05-1214:49:02,22.7,27.6,
809,2026-05-1214:49:09,22.7,27.7,
810,2026-05-1214:49:16,22.7,27.7,
811,2026-05-1214:49:22,22.7,27.7,
812,2026-05-1214:49:29,22.8,27.7,
813,2026-05-1214:49:35,22.8,27.6,
814,2026-05-1214:49:42,22.8,27.7,
815,2026-05-1214:49:48,22.8,27.7,
816,2026-05-1214:49:55,22.8,27.6,
817,2026-05-1214:50:02,22.8,27.7,
818,2026-05-1214:50:08,22.8,27.7,
819,2026-05-1214:50:15,22.8,27.6,
820,2026-05-1214:50:21,22.8,27.6,
821,2026-05-1214:50:28,22.8,27.6,
822,2026-05-1214:50:35,22.8,27.7,
823,2026-05-1214:50:41,22.8,27.7,
824,2026-05-1214:50:48,22.8,27.7,
825,2026-05-1214:50:54,22.8,27.6,
826,2026-05-1214:51:01,22.8,27.5,
827,2026-05-1214:51:08,22.8,27.6,
828,2026-05-1214:51:14,22.8,27.5,
829,2026-05-1214:51:21,22.8,27.4,
830,2026-05-1214:51:27,22.8,27.5,
831,2026-05-1214:51:34,22.8,27.5,
832,2026-05-1214:51:41,22.8,27.4,
833,2026-05-1214:51:47,22.8,27.5,
834,2026-05-1214:51:54,22.8,27.4,
835,2026-05-1214:52:00,22.8,27.3,
836,2026-05-1214:52:07,22.8,27.4,
837,2026-05-1812:55:55,24.7,34.6,
838,2026-05-1812:56:01,24.7,34.5,
839,2026-05-1812:56:06,24.7,34.6,
840,2026-05-1812:56:12,24.7,34.6,
841,2026-05-1812:56:17,24.7,34.5,
842,2026-05-1812:56:23,24.7,34.5,
843,2026-05-1812:56:28,24.7,34.6,
844,2026-05-1812:56:34,24.7,34.6,
845,2026-05-1812:56:40,24.7,34.5,
846,2026-05-1812:56:45,24.7,34.6,
847,2026-05-1812:56:53,24.7,34.6,
848,2026-05-1812:56:59,24.7,34.6,
849,2026-05-1812:57:06,24.7,34.6,
850,2026-05-1812:57:12,24.7,34.6,
851,2026-05-1812:57:19,24.7,34.5,
852,2026-05-1812:57:26,24.7,34.6,
853,2026-05-1812:57:33,24.7,34.6,
854,2026-05-1812:57:39,24.7,34.6,
855,2026-05-1812:57:46,24.7,34.6,
856,2026-05-1812:57:53,24.7,34.6,
857,2026-05-1812:58:00,24.7,34.6,
858,2026-05-1812:58:07,24.7,34.6,
859,2026-05-1812:58:14,24.7,34.6,
860,2026-05-1812:58:21,24.7,34.6,
861,2026-05-1812:58:28,24.7,34.6,
862,2026-05-1812:58:35,24.7,34.6,
863,2026-05-1812:58:42,24.7,34.7,
864,2026-05-1812:58:48,24.7,34.7,
865,2026-05-1812:58:55,24.7,34.7,
866,2026-05-1812:59:02,24.7,34.7,
867,2026-05-1812:59:09,24.7,34.7,
868,2026-05-1812:59:16,24.7,34.7,
869,2026-05-1812:59:24,24.7,34.6,
870,2026-05-1812:59:30,24.7,34.7,
871,2026-05-1812:59:37,24.7,34.7,
872,2026-05-1812:59:44,24.7,34.7,
873,2026-05-1812:59:51,24.7,34.7,
874,2026-05-1812:59:58,24.7,34.7,
875,2026-05-1813:00:05,24.7,34.7,
876,2026-05-1813:00:12,24.7,34.7,
877,2026-05-1813:00:19,24.7,34.8,
878,2026-05-1813:00:26,24.7,34.8,
879,2026-05-1813:00:33,24.7,34.7,
880,2026-05-1813:00:40,24.7,34.7,
881,2026-05-1813:00:47,24.7,34.7,
882,2026-05-1813:00:54,24.7,34.8,
883,2026-05-1813:01:01,24.7,34.8,
884,2026-05-1813:01:08,24.7,34.8,
885,2026-05-1813:01:15,24.7,34.8,
886,2026-05-1813:01:22,24.7,34.8,
887,2026-05-1813:01:29,24.7,34.8,
888,2026-05-1813:01:36,24.7,34.8,
889,2026-05-1813:01:43,24.7,34.8,
890,2026-05-1813:01:53,24.7,34.8,
891,2026-05-1813:02:00,24.7,34.8,
892,2026-05-1813:02:07,24.7,34.8,
893,2026-05-1813:02:14,24.7,34.8,
894,2026-05-1813:02:21,24.7,34.8,
895,2026-05-1813:02:28,24.7,34.8,
896,2026-05-1813:02:35,24.7,34.8,
897,2026-05-1813:02:42,24.7,34.7,
898,2026-05-1813:02:50,24.7,34.7,
899,2026-05-1813:02:57,24.7,34.7,
900,2026-05-1813:03:04,24.7,34.7,
901,2026-05-1813:03:11,24.7,34.7,
902,2026-05-1813:03:18,24.7,34.7,
903,2026-05-1813:03:25,24.7,34.6,
904,2026-05-1813:03:32,24.7,34.7,
905,2026-05-1813:03:39,24.7,34.6,
906,2026-05-1813:03:46,24.7,34.7,
907,2026-05-1813:03:53,24.7,34.6,
908,2026-05-1813:04:01,24.7,34.7,
909,2026-05-1813:04:08,24.7,34.7,
910,2026-05-1813:04:15,24.7,34.6,
911,2026-05-1813:04:22,24.7,34.6,
912,2026-05-1813:04:29,24.7,34.7,
913,2026-05-1813:04:36,24.7,34.6,
914,2026-05-1813:04:43,24.7,34.6,
915,2026-05-1813:04:50,24.7,34.6,
916,2026-05-1813:04:57,24.7,34.6,
917,2026-05-1813:05:04,24.7,34.6,
918,2026-05-1813:05:11,24.7,34.6,
919,2026-05-1813:05:18,24.7,34.6,
920,2026-05-1813:05:26,24.7,34.6,
921,2026-05-1813:05:33,24.7,34.6,
922,2026-05-1813:05:40,24.7,34.6,
923,2026-05-1813:05:47,24.7,34.6,
924,2026-05-1813:05:54,24.7,34.7,
925,2026-05-1813:06:01,24.7,34.6,
926,2026-05-1813:06:08,24.7,34.6,
927,2026-05-1813:06:15,24.7,34.6,
928,2026-05-1813:06:22,24.7,34.6,
929,2026-05-1813:06:30,24.8,34.7,
930,2026-05-1813:06:37,24.7,34.7,
931,2026-05-1813:06:44,24.7,34.7,
932,2026-05-1813:06:51,24.8,34.7,
933,2026-05-1813:06:58,24.7,34.7,
934,2026-05-1813:07:05,24.7,34.8,
935,2026-05-1813:07:12,24.7,34.7,
936,2026-05-1813:07:19,24.8,34.8,
937,2026-05-1813:07:26,24.7,34.7,
938,2026-05-1813:07:33,24.7,34.7,
939,2026-05-1813:07:41,24.8,34.7,
940,2026-05-1813:07:48,24.7,34.8,
941,2026-05-1813:07:55,24.8,34.8,
942,2026-05-1813:08:02,24.8,34.7,
943,2026-05-1813:08:09,24.8,34.8,
944,2026-05-1813:08:16,24.8,34.7,
945,2026-05-1813:08:31,24.8,34.7,
946,2026-05-1813:09:32,24.8,34.7,
947,2026-05-1813:10:33,24.8,34.6,
948,2026-05-1813:11:33,24.8,34.6,
949,2026-05-1813:12:34,24.8,34.5,
950,2026-05-1813:12:58,24.8,34.5,
951,2026-05-1813:13:57,24.8,34.4,
952,2026-05-1813:14:32,24.8,34.3,
953,2026-05-1813:15:33,24.8,34.2,
954,2026-05-1813:16:47,24.8,34.1,
955,2026-05-1813:17:48,24.8,33.6,
956,2026-05-1813:18:49,24.8,33.8,
957,2026-05-1813:19:49,24.7,33.8,
958,2026-05-1813:20:50,24.7,33.7,
959,2026-05-1813:21:50,24.7,33.8,
960,2026-05-1813:23:23,24.8,33.7,
961,2026-05-1813:24:10,24.7,33.5,
962,2026-05-1813:25:11,24.7,33.6,
963,2026-05-1813:26:12,24.7,33.6,
964,2026-05-1813:27:13,24.7,33.6,
965,2026-05-1813:28:13,24.7,33.5,
966,2026-05-1813:29:13,24.7,33.3,
967,2026-05-1813:30:14,24.7,33.0,
968,2026-05-1813:31:15,24.6,32.8,
969,2026-05-1813:32:15,24.5,33.2,
970,2026-05-1813:33:16,24.5,33.5,
971,2026-05-1813:34:17,24.5,33.9,
972,2026-05-1813:35:19,24.4,34.2,
973,2026-05-1813:36:18,24.4,34.0,
974,2026-05-1813:37:18,24.4,33.9,
975,2026-05-1813:38:19,24.4,33.4,
976,2026-05-1813:39:20,24.4,33.5,
977,2026-05-1813:40:20,24.4,33.3,
978,2026-05-1813:41:21,24.4,33.6,
979,2026-05-1813:42:21,24.4,33.1,
980,2026-05-1813:43:22,24.3,33.5,
981,2026-05-1813:44:23,24.3,33.5,
982,2026-05-1813:45:23,24.3,33.5,
983,2026-05-1813:46:24,24.3,33.5,
984,2026-05-1813:51:09,24.2,34.2,
985,2026-05-1813:52:09,24.3,33.6,
986,2026-05-1813:52:38,24.3,33.3,
987,2026-05-1813:53:38,24.3,33.4,
988,2026-05-1813:54:39,24.3,33.4,
989,2026-05-1813:55:39,24.4,33.4,
990,2026-05-1813:56:40,24.3,33.3,
991,2026-05-1813:57:40,24.3,33.2,
992,2026-05-1813:58:41,24.3,33.4,
993,2026-05-1813:59:41,24.3,33.3,
994,2026-05-1814:00:42,24.4,33.3,
995,2026-05-1814:01:43,24.3,33.5,
996,2026-05-1814:02:43,24.3,33.6,
997,2026-05-1814:03:44,24.3,33.7,
998,2026-05-1814:04:45,24.3,33.8,
999,2026-05-1814:05:45,24.3,33.8,
1000,2026-05-1814:08:54,24.3,33.9,
1001,2026-05-1814:09:54,24.4,34.1,
1002,2026-05-1814:10:55,24.4,34.2,
1003,2026-05-1814:11:55,24.4,34.2,
1004,2026-05-1814:12:56,24.4,34.2,
1005,2026-05-1814:13:57,24.5,34.3,
1006,2026-05-1814:14:57,24.5,34.4,
1007,2026-05-1814:15:58,24.5,34.5,
1008,2026-05-1814:16:37,24.5,34.4,
1009,2026-05-1814:17:37,24.5,34.5,
1010,2026-05-1814:18:38,24.5,34.5,
1011,2026-05-1814:19:39,24.5,34.5,
1012,2026-05-1814:20:39,24.5,34.5,
1013,2026-05-1814:21:40,24.5,34.4,
1014,2026-05-1814:22:41,24.5,34.3,
1015,2026-05-1814:23:41,24.5,34.2,
1016,2026-05-1814:24:42,24.5,34.3,
1017,2026-05-1814:25:42,24.5,34.2,
1018,2026-05-1814:26:43,24.5,34.2,
1019,2026-05-1814:27:43,24.5,34.1,
1020,2026-05-1814:28:44,24.5,34.1,
1021,2026-05-1814:29:45,24.5,34.2,
1022,2026-05-1814:30:45,24.5,34.2,
1023,2026-05-1814:31:46,24.5,34.2,
1024,2026-05-1814:32:47,24.5,33.9,
1025,2026-05-1814:33:47,24.5,33.8,
1026,2026-05-1814:34:48,24.5,33.8,
1027,2026-05-1814:36:58,24.4,33.8